StartDate,EndDate,Status,IPAddress,Progress,Duration (in seconds),Finished,RecordedDate,ResponseId,RecipientLastName,RecipientFirstName,RecipientEmail,ExternalReference,LocationLatitude,LocationLongitude,DistributionChannel,UserLanguage,info_check_country,info_check_term,info_check_interest rate,info_check_payback,info_check_compensation ,Q78_First Click,Q78_Last Click,Q78_Page Submit,Q78_Click Count,Q40_First Click,Q40_Last Click,Q40_Page Submit,Q40_Click Count,open_summary,Q36_First Click,Q36_Last Click,Q36_Page Submit,Q36_Click Count,med_trust,med_trustworthy,dv_lending_amount,Q58_First Click,Q58_Last Click,Q58_Page Submit,Q58_Click Count,dv_willingness,Q65_First Click,Q65_Last Click,Q65_Page Submit,Q65_Click Count,check_1,check_2,check_3,general_familiarity,general_attitudes,econ,econ_inequality,gender,age,edu,income,social_class,ideology,affiliation,hispanic,ethinicity,mTurkCode,inequality_des,inequality
12/8/22 11:37,12/8/22 11:40,0,73.123.183.63,100,148,1,12/8/22 11:40,R_2vcOvPMDFbTFjYW,,,,,42.4609,-71.0074,anonymous,EN,6,1,2,1,2,28.838,40.63,41.882,5,0,0,12.979,0,the top third makes 53k the middle makes 43k and the bottom makes 33k,8.673,8.673,26.315,1,2,4,232,9.526,10.877,11.617,2,4,3.473,3.473,3.996,1,3,3,2,1,4,1,1,1,27,2,4,3,4,3,2,4,400841439,low,0
12/8/22 11:37,12/8/22 11:41,0,73.237.103.81,100,182,1,12/8/22 11:41,R_t01QMKb857sKv5v,,,,,34.2015,-84.4222,anonymous,EN,6,1,2,1,2,25.729,66.548,66.797,12,2.03,2.833,11.297,3,"The Bamboolian income distribution is set up into three groups which are the top third, the middle third and the bottom third. ",15.202,15.202,38.6,1,1,2,701,9.856,9.856,11.188,1,2,2.829,4.118,4.884,3,6,5,4,4,4,3,2,2,35,4,4,3,4,1,2,1,352315372,high,1
12/8/22 11:37,12/8/22 11:41,0,173.27.185.86,100,252,1,12/8/22 11:41,R_ensy3XL1hTW0nDP,,,,,30.4003,-87.0288,anonymous,EN,6,1,2,1,2,55.961,79.596,79.951,7,0,0,20.394,0,The top third makes about double the middle third and the bottom third makes about a fifth of the middle third.,15.102,53.193,68.36,2,4,4,0,6.602,6.602,11.313,1,3,11.872,12.24,12.522,2,7,7,6,5,4,2,2,1,33,5,11,3,2,1,2,1,903852510,high,1
12/8/22 11:37,12/8/22 11:42,0,98.144.31.102,100,285,1,12/8/22 11:42,R_5hCAE57dRmvhMXf,,,,,42.9896,-88.0876,anonymous,EN,6,1,2,1,2,56.315,85.562,86.04,8,0,0,33.996,0,"Income in Bimboola is fairly evenly distributed, with there being little difference between the top and bottom third of the population.",14.602,14.602,56.706,1,4,4,1500,13.775,17.637,18.213,2,4,3.397,4.135,4.585,2,5,4,3,2,4,2,3,1,37,3,5,1,2,1,2,4,400411710,low,0
12/8/22 11:38,12/8/22 11:42,0,75.173.93.13,100,225,1,12/8/22 11:42,R_3L59unh0SQx2ioI,,,,,30.695,-92.2697,anonymous,EN,6,1,2,1,2,1.257,67.096,67.414,21,1.976,27.997,28.103,3,The distribution is pretty uneven and those at the bottom are very poor compared to those at the top.,13.541,17.239,33.645,2,5,5,1014,0.441,14.07,14.59,5,4,3.512,4.002,4.501,3,7,7,7,5,5,3,3,1,34,2,8,3,5,3,2,1,335414987,high,1
12/8/22 11:38,12/8/22 11:42,0,147.160.12.81,100,215,1,12/8/22 11:42,R_3HXfCuJ9Tmb3d9c,,,,,40.6954,-87.4278,anonymous,EN,6,1,2,1,2,33.945,79.573,80.39,7,0,0,13.547,0,The income distribution is fairly even with bottom not making much less than the top.,13.6,13.6,36.864,1,5,5,503,5.817,8.243,11.337,2,5,4.242,4.242,5.05,1,5,3,3,1,4,1,2,1,33,2,3,2,5,3,2,1,245259472,low,0
12/8/22 11:38,12/8/22 11:42,0,98.46.110.254,100,229,1,12/8/22 11:42,R_DdhkWjPEOvss3Rv,,,,,41.9209,-87.7043,anonymous,EN,6,1,2,1,2,4.019,99.374,100.092,12,5.684,23.212,24.013,3,It is uneven among the thirds.,12.206,12.396,32.115,2,2,2,0,10.342,10.342,11.7,1,1,0,0,4.061,0,7,7,7,7,7,3,5,1,31,2,4,2,5,2,1,,501198656,low,0
12/8/22 11:40,12/8/22 11:42,0,67.243.225.232,100,155,1,12/8/22 11:42,R_2b2eaMUBbacbEgh,,,,,40.7683,-73.9802,anonymous,EN,6,1,2,1,2,15.695,31.951,32.797,11,0,0,12.194,0,The income distribution is uneven but not drastically so ,9.049,18.45,28.562,2,5,5,761,6.093,6.093,15.633,1,4,13.354,16.387,17.033,5,6,5,5,1,2,3,3,2,30,5,6,4,4,3,2,1,559708036,high,1
12/8/22 11:37,12/8/22 11:42,0,98.45.179.230,100,333,1,12/8/22 11:42,R_3pr8cb27AtRv8cR,,,,,37.3479,-122.0351,anonymous,EN,6,1,2,1,2,0.325,77.002,77.697,34,0.877,11.701,13.365,2,The top third of people are making a lot more money than the bottom third.,1.602,140.078,140.906,16,4,5,964,1.095,9.541,10.607,7,4,1.961,1.961,3.408,1,6,7,6,4,5,3,3,2,35,3,11,3,7,2,2,1,471070752,high,1
12/8/22 11:38,12/8/22 11:43,0,136.34.37.248,100,319,1,12/8/22 11:43,R_1gLyNprkMlmsfV7,,,,,39.1029,-94.5713,anonymous,EN,6,1,2,1,2,39.52,92.523,93.104,14,3.48,3.48,12.878,1,The distribution of income in Bimboola is very small and most people make around the same money regardless of which of the three social classes.,9.101,69.701,79.01,3,3,3,0,2.84,4.737,14.133,2,1,26.516,27.38,28.123,3,4,2,3,4,3,2,3,1,25,2,3,1,3,1,2,1,890999285,low,0
12/8/22 11:38,12/8/22 11:43,0,45.23.30.121,100,291,1,12/8/22 11:43,R_1K23zIcAGHwgsD4,,,,,39.7168,-84.1575,anonymous,EN,6,1,2,1,2,28.019,49.077,50.183,11,0,0,17.151,0,"The income difference is similar between the top third and middle third as the middle third and bottom third.  The income, overall, is pretty low for across the board.",12.954,13.103,69.256,2,5,5,502,1.972,17.911,19.7,7,5,11.742,11.997,12.975,2,3,4,3,2,5,2,3,2,29,4,5,1,7,2,2,1,355072962,high,1
12/8/22 11:37,12/8/22 11:43,0,143.55.39.158,100,392,1,12/8/22 11:43,R_240IFWA9P28JXt0,,,,,32.9658,-97.6866,anonymous,EN,6,1,2,1,2,111.088,135.845,144.171,7,0,0,24.185,0,"There is a rather large gap in the income distribution in Bimboola, especially between the to third and bottom third.",22.279,22.279,56.948,1,2,2,503,12.772,32.802,33.754,7,3,5.901,5.901,6.99,1,7,7,6,4,4,3,3,2,45,6,11,3,3,1,2,1,910379961,high,1
12/8/22 11:40,12/8/22 11:43,0,97.117.114.239,100,168,1,12/8/22 11:43,R_1gMIN9RX7Xkxwr1,,,,,40.5581,-111.9222,anonymous,EN,6,1,2,1,2,23.472,42.723,43.275,5,0,0,11.552,0,It looks like they have a decent high and middle class but the lower just looks like it tanks and are very poor,6.723,6.723,31.738,1,4,4,0,4.19,4.19,12.735,1,1,3.007,3.007,6.581,1,5,7,5,6,4,3,4,1,34,5,5,3,7,2,2,1,256753403,high,1
12/8/22 11:37,12/8/22 11:43,0,73.237.172.67,100,355,1,12/8/22 11:43,R_3g0puZYx71vr3Vx,,,,,33.6012,-85.0507,anonymous,EN,6,1,2,1,2,52.19,67.266,68.83,6,0,0,44.579,0,It's pretty unequal between the haves and the have nots and it definitely has a class structure based on income.,20.55,20.55,107.456,1,5,5,494,16.107,26.86,28.728,3,3,7.313,7.313,8.472,1,7,7,7,2,5,2,4,1,57,4,1,1,5,2,2,1,666509679,high,1
12/8/22 11:39,12/8/22 11:43,0,76.151.39.77,100,261,1,12/8/22 11:43,R_1Fr1Yu6bChMyncv,,,,,39.3645,-76.6069,anonymous,EN,6,1,2,1,2,0.568,75.544,76.053,6,1.713,10.26,11.067,3,The income distribution is divided in 3 categories. Pretty close to one another too.,1.444,72.715,74.034,10,6,6,3000,5.797,14.245,15.56,2,7,2.82,2.82,3.721,1,3,3,3,5,4,2,3,1,28,2,2,1,4,2,2,1,277849621,low,0
12/8/22 11:38,12/8/22 11:44,0,24.95.181.46,100,353,1,12/8/22 11:44,R_sbv2mAIwnFf3oDT,,,,,38.4736,-82.6413,anonymous,EN,6,1,2,1,2,93.062,101.702,102.612,5,14.431,14.431,15.251,1,"The income is distributed into 3 categories in which the top earn about $50000, the middle earn $40000 and the bottom earns $30000.",15.651,15.651,87.823,1,4,4,250,10.13,19.234,22.239,3,3,4.746,11.234,11.99,2,3,3,3,3,5,3,2,2,50,5,3,2,2,1,2,1,228035697,low,0
12/8/22 11:39,12/8/22 11:44,0,63.248.164.205,100,281,1,12/8/22 11:44,R_XojMV0hbze1ee8V,,,,,41.3092,-111.9659,anonymous,EN,6,1,2,1,2,75.031,104.301,105.318,5,0,0,22.553,0,There is a small gap between each group,25.107,25.107,50.504,1,4,4,1230,24.495,24.495,25.73,1,4,5.51,5.51,6.554,1,2,3,3,4,5,2,2,2,34,2,5,2,5,2,2,1,976620724,low,0
12/8/22 11:38,12/8/22 11:44,0,97.103.4.152,100,360,1,12/8/22 11:44,R_2do4XJ4gPVaJUWR,,,,,28.9107,-81.1957,anonymous,EN,6,1,2,1,2,48.911,90.279,90.69,17,0,0,11.491,0,I think there is a big gap between the lower and higher incomes in Bimboola.,78.541,104.108,104.608,2,4,4,608,6.017,13.912,15.05,2,5,17.771,20.019,20.902,3,7,1,6,7,6,4,4,2,50,3,9,2,7,2,2,1,140958743,high,1
12/8/22 11:38,12/8/22 11:44,0,185.199.102.123,100,344,1,12/8/22 11:44,R_2aQSv0wbEWUlymm,,,,,40.7425,-73.9877,anonymous,EN,6,1,2,1,2,34.915,77.304,80.111,15,13.424,14.281,17.481,2,Income in Bimboola is slightly evenly distributed with little difference in the amounts earned.,22.569,30.758,72.577,3,5,5,1999,5.505,19.064,20.382,6,7,3.075,3.075,4.303,1,5,3,3,7,5,3,3,1,36,6,10,3,6,2,2,2,174942212,low,0
12/8/22 11:38,12/8/22 11:44,0,12.205.151.170,100,374,1,12/8/22 11:44,R_2czoCQmx6rnt7mE,,,,,37.7809,-122.4245,anonymous,EN,6,1,2,1,2,73.207,102.023,103.179,6,0,0,35.578,0,"from the income distribution she could be in any of the three income group inlucding the top third, middle third or the bottom third which is the lowest.",32.922,64.079,84.484,2,4,4,503,21.509,21.509,22.397,1,6,7.889,7.889,9.454,1,5,5,4,4,5,3,4,2,37,5,10,3,2,1,2,1,879701346,low,0
12/8/22 11:38,12/8/22 11:44,0,68.204.208.53,100,389,1,12/8/22 11:44,R_2SDqnlG8FN63uSC,,,,,28.6618,-81.3092,anonymous,EN,6,1,2,1,2,183.236,212.627,213.795,6,0,0,15.03,0,Income distribution is very unequal,15.12,33.318,37.205,2,2,2,503,34.173,40.069,41.209,2,2,2.558,2.558,4.491,1,7,7,1,4,6,3,3,2,61,4,7,2,6,2,2,1,478900553,high,1
12/8/22 11:38,12/8/22 11:44,0,65.141.198.94,100,405,1,12/8/22 11:44,R_YYqJGzKIPsL5vVL,,,,,33.5401,-112.3161,anonymous,EN,6,1,2,1,2,72.039,87.894,88.66,5,39.082,39.082,40.982,1,There is a a very big gap on income between the top and bottom income.,27.983,27.983,62.953,1,4,4,499,39.365,78.544,79.867,6,4,10.971,12.331,13.215,3,7,7,2,4,5,2,3,1,39,3,4,2,4,3,2,1,952940666,high,1
12/8/22 11:38,12/8/22 11:45,0,173.19.17.165,100,395,1,12/8/22 11:45,R_3noBo9NX00PEbSg,,,,,41.2814,-86.6246,anonymous,EN,6,1,2,1,2,49.203,88.254,90.036,6,0,0,21.531,0,It is tiered into three groups with the bottom group making about 10k less than the middle group and the middle group making about 10k less than the top group.,21.919,102.806,106.97,2,3,3,0,10.788,10.788,29.962,1,2,4.618,4.618,8.465,1,6,6,5,2,4,1,2,1,40,1,1,1,5,3,2,1,146364041,low,0
12/8/22 11:41,12/8/22 11:45,0,65.130.199.73,100,204,1,12/8/22 11:45,R_3G3sV7nX6qZDdEF,,,,,40.6981,-111.9999,anonymous,EN,6,1,2,1,2,35.531,53.925,54.963,7,0,0,17.659,0,It is not fairly distributed.,16.497,16.497,28.866,1,4,4,1001,9.336,24.945,25.626,6,4,3.484,4.654,5.354,3,7,7,6,2,4,2,3,1,42,2,4,1,4,3,2,1,300868294,high,1
12/8/22 11:37,12/8/22 11:45,0,184.83.117.231,100,454,1,12/8/22 11:45,R_2XmNDVHCF7FOtPm,,,,,43.5235,-96.7385,anonymous,EN,6,1,2,1,2,17.554,124.2,127.86,10,31.856,31.856,41.299,1,It is somewhat equally distributed without a huge gap between the top 3rd and lower 3rd.,27.769,64.36,128.94,6,3,3,101,21.907,27.358,29.772,2,3,12.283,13.068,14.999,2,5,5,3,4,6,2,3,1,52,2,2,1,5,2,2,1,805074703,low,0
12/8/22 11:42,12/8/22 11:45,0,75.73.159.37,100,196,1,12/8/22 11:45,R_12F1Nj2HDiTACIM,,,,,44.8261,-93.3755,anonymous,EN,6,1,2,1,2,36.133,54.894,55.599,9,0,0,14.89,0,"It's not a huge difference between the top third and bottom third. It may be harder for someone at 33,500 to make the payments but they should still be able to pay me back.",12.054,12.054,43.55,1,4,4,1500,18.786,18.786,20.662,1,4,2.991,3.484,4.073,2,5,3,3,4,5,4,4,1,33,3,12,3,6,2,2,1,567970037,low,0
12/8/22 11:40,12/8/22 11:45,0,24.241.86.185,100,321,1,12/8/22 11:45,R_2OMEj0Uk9Im1FwH,,,,,41.1314,-100.7751,anonymous,EN,6,1,2,1,2,80.724,133.651,134.619,8,1.317,5.589,14.408,2,"The income distribution appears to be fairly even, at least compared to most countries. The gap from the top third to the bottom third isn't really significant.",3.899,34.184,64.598,5,4,4,1065,10.278,13.341,15.115,3,3,2.521,3.427,4.17,2,5,5,2,4,3,3,3,1,40,5,11,4,3,1,2,1,494986103,low,0
12/8/22 11:39,12/8/22 11:46,0,23.84.81.9,100,416,1,12/8/22 11:46,R_pF7MRZAiN59l83v,,,,,38.4321,-90.3896,anonymous,EN,6,1,2,1,2,37.89,67.679,68.555,7,0,0,128.787,0,toy are either middle class or dirt poor.,8.533,8.533,31.849,1,1,1,0,15.877,38.55,39.966,2,1,1.689,1.689,5.355,1,7,7,5,7,1,3,4,2,31,3,2,1,3,3,1,,315141253,high,1
12/8/22 11:39,12/8/22 11:46,0,63.153.2.123,100,398,1,12/8/22 11:46,R_1IjkiT4Q8qjz3bx,,,,,45.6684,-111.2422,anonymous,EN,6,1,2,1,2,62.714,84.602,85.631,8,0,0,74.476,0,The income distribution is very uneven in Bimboola.,32.421,34.943,51.261,2,4,4,499,43.273,43.273,46.166,1,4,8.379,8.379,9.44,1,6,7,6,2,4,2,3,2,51,3,6,1,4,3,2,1,121966188,high,1
12/8/22 11:43,12/8/22 11:46,0,173.170.197.182,100,191,1,12/8/22 11:46,R_1mnthxLxSI4iV2U,,,,,29.0511,-82.038,anonymous,EN,6,1,2,1,2,17.5,56.803,60.552,5,6.734,8.646,11.339,3,the top third makes a substantial amount more than the bottom third as does the middle third.,5.364,28.117,34.832,2,4,4,1001,18.298,18.298,19.333,1,4,2.732,2.732,3.796,1,7,7,7,1,4,1,1,1,36,2,8,2,3,1,2,1,689834617,high,1
12/8/22 11:38,12/8/22 11:46,0,43.225.189.97,100,467,1,12/8/22 11:46,R_2qpUuKCwcLuo7G6,,,,,42.3562,-71.0631,anonymous,EN,6,1,2,1,2,98.865,228.449,229.55,6,4.192,4.528,24.975,2,There is a lot of inequality in the distribution.,1.45,50.955,52.341,4,6,6,2054,24.524,27.275,28.177,2,6,2.291,2.291,4.462,1,4,5,5,5,6,4,4,1,31,5,8,3,6,2,2,2,903813157,high,1
12/8/22 11:41,12/8/22 11:46,0,69.77.244.63,100,294,1,12/8/22 11:46,R_2rq4pBjb5WwHr9D,,,,,43.82,-96.7213,anonymous,EN,6,1,2,1,2,94.44,118.223,119.1,10,0,0,22.528,0,"there is 3 groups, and the top group makes about 8 times more than the bottom, so it seems like a lot of income inequality to me",13.031,13.031,60.459,1,5,5,0,10.772,10.772,11.8,1,1,6.793,6.793,7.74,1,7,7,7,5,5,2,2,1,40,3,3,2,7,2,2,1,411429942,high,1
12/8/22 11:43,12/8/22 11:46,0,98.218.25.37,100,199,1,12/8/22 11:46,R_1juOgVfKvqwFKGf,,,,,38.7911,-77.5264,anonymous,EN,6,1,2,1,2,35.821,45.203,46.201,5,0,0,13.572,0,The income distribution gap is pretty narrow. ,20.242,20.242,44.347,1,4,4,0,14.037,14.037,14.828,1,1,4.77,4.77,5.521,1,3,3,1,3,3,2,3,1,50,3,6,3,4,3,2,1,377933839,low,0
12/8/22 11:40,12/8/22 11:46,0,24.33.83.181,100,399,1,12/8/22 11:46,R_pz7XCCnpk1Bp1Dz,,,,,39.4522,-83.841,anonymous,EN,6,1,2,1,2,53.386,162.087,163.085,11,4.649,26.708,28.762,4,The wealth spread is moderately balanced but low.,14.502,44.355,45.596,3,1,1,0,6.462,12.973,14.317,3,1,7.205,7.205,8.564,1,5,3,4,5,4,3,3,2,38,5,9,3,3,3,2,1,969823286,low,0
12/8/22 11:41,12/8/22 11:46,0,108.91.150.121,100,336,1,12/8/22 11:46,R_3rNIbbQR08dJNrT,,,,,30.3241,-89.929,anonymous,EN,6,1,2,1,2,65.329,89.931,90.625,11,27.367,27.663,28.55,2,"Bimboolian people can be separated into three different  groups: the top 1/3, the middle 1/3, and the bottom 1/3.  According to the chart there is a big gap between the least wealthy and the most wealthy",2.774,52.392,88.781,8,5,4,0,10.083,10.814,15.248,2,4,6.409,6.409,7.418,1,7,7,7,1,1,1,1,2,40,3,9,3,7,2,2,1,141146108,high,1
12/8/22 11:39,12/8/22 11:47,0,73.237.227.139,100,457,1,12/8/22 11:47,R_3hyf9HwEVa9101z,,,,,34.0747,-84.5953,anonymous,EN,6,1,2,1,2,4.166,77.051,78.066,15,1.233,21.734,26.821,4,"People from Bimboola can be categorized into three groups. The top third group makes up to $53,500, the middle third group makes up to $43,500, and the bottom third group makes up to $33,500.",15.613,191.449,195.743,15,4,4,503,5.091,24.895,27.368,3,4,9.965,9.965,10.871,1,5,5,3,3,4,2,2,2,31,5,11,3,7,2,2,1,450166348,low,0
12/8/22 11:43,12/8/22 11:47,0,98.246.169.180,100,252,1,12/8/22 11:47,R_1i8mIz7NXA0RpLb,,,,,45.7855,-122.69,anonymous,EN,6,1,2,1,2,38.822,72.502,77.674,5,0,0,18.45,0,it is much more equal than any other country,17.916,17.916,50.328,1,4,4,0,9.219,10.874,11.745,2,4,2.677,2.677,4.401,1,5,3,2,1,4,2,2,1,62,5,8,3,6,2,2,1,464628155,low,0
12/8/22 11:44,12/8/22 11:47,0,174.70.185.33,100,201,1,12/8/22 11:47,R_2TuG09ys3eqM5ov,,,,,39.0421,-95.7187,anonymous,EN,6,1,2,1,2,15.092,39.124,39.2,8,2.034,2.034,15.209,1,Seems pretty close to equal. only 20k difference from the top and bottom.,1.223,7.388,27.877,2,6,6,3000,5.412,66.597,66.784,3,7,4.336,4.336,4.5,1,2,2,2,6,4,3,3,1,35,4,3,1,3,1,2,1,794277863,low,0
12/8/22 11:43,12/8/22 11:47,0,98.25.0.40,100,266,1,12/8/22 11:47,R_2zUPoNxoPlZdUjo,,,,,34.1416,-80.8886,anonymous,EN,6,1,2,1,2,15.31,75.007,75.964,9,0,0,26.758,0,It is a lot more closely related as far as how wealthy each group is.,27.633,74.414,77.603,3,4,4,997,6.487,6.487,12.796,1,4,1.236,1.693,4.265,2,4,4,2,4,4,3,3,2,38,5,10,3,4,3,2,3,167292130,low,0
12/8/22 11:42,12/8/22 11:47,0,158.62.186.140,100,278,1,12/8/22 11:47,R_1imMKuxT58tfiyI,,,,,35.2338,-97.4095,anonymous,EN,6,1,2,1,2,50.638,105.547,107.122,5,0,0,11.883,0,"They seem to be pretty close, with the top tier earning around 53,500, the second tier earning around 43,500 and the bottom tier earning around 33.500.",14.642,68.625,69.801,2,1,1,0,6.672,6.672,11.281,1,1,4.245,4.245,5.339,1,3,3,3,4,4,5,5,1,29,5,3,2,4,3,2,1,516645074,low,0
12/8/22 11:42,12/8/22 11:47,0,104.235.101.61,100,312,1,12/8/22 11:47,R_z6hzU1jOB9iusEh,,,,,42.1142,-89.1873,anonymous,EN,6,1,2,1,2,52.125,69.308,73.004,9,0,0,13.975,0,the top third income earners in Bimboola earn about 10x more than the bottom third.,9.972,9.972,43.305,1,2,2,101,12.102,17.341,18.561,2,2,3.289,3.289,4.101,1,6,6,5,5,2,3,2,1,34,3,7,2,2,1,2,1,334855348,high,1
12/8/22 11:44,12/8/22 11:47,0,70.44.172.35,100,199,1,12/8/22 11:47,R_Q01S19FkcPyutOx,,,,,40.781,-76.2301,anonymous,EN,6,1,2,1,2,15.9,67.282,68.183,10,1.874,1.874,11.246,1,The bottom third makes next to nothing,1.224,17.089,28.693,3,4,4,0,3.995,3.995,10.827,1,1,1.433,1.624,3.798,2,6,7,4,7,4,5,5,1,31,5,8,3,5,2,2,2,604565548,high,1
12/8/22 11:42,12/8/22 11:47,0,98.212.110.152,100,291,1,12/8/22 11:47,R_3RqLFipUVQdHdbl,,,,,40.1444,-89.3648,anonymous,EN,6,1,2,1,2,11.652,86.202,86.864,16,0,0,51.231,0,"The high third is nearly 80,000, and the low third is under 10,000.",1.594,13.647,41.598,7,4,4,0,3.003,35.058,36.07,6,1,1.718,3.133,4.41,2,5,6,6,1,3,3,3,1,33,5,2,1,5,2,2,1,244551170,high,1
12/8/22 11:41,12/8/22 11:47,0,184.170.166.81,100,361,1,12/8/22 11:47,R_11YoKp9mSm9lGU1,,,,,40.0346,-86.907,anonymous,EN,6,1,2,1,2,51.829,90.492,92.206,6,0,0,36.584,0,The income in Bimboola is rather equal.  The top third is only making 10k more than the middle third and 20k from the bottom.  This means the gap between income isn't huge.,19.715,19.715,77.082,1,6,6,1006,18.339,18.339,20.918,1,5,5.664,5.664,7.476,1,3,3,2,5,6,3,3,1,40,5,6,2,6,2,2,1,386464499,low,0
12/8/22 11:42,12/8/22 11:47,0,146.168.160.127,100,335,1,12/8/22 11:47,R_pawAkLBzrYsSvOp,,,,,38.1081,-76.7823,anonymous,EN,6,1,2,1,2,42.927,63.237,64.504,5,17.992,17.992,30.281,1,There is not a large discrepancy in income in Bimboola.,19.16,19.16,72.826,1,4,4,499,25.357,25.357,27.1,1,3,5.606,5.606,6.837,1,4,4,2,4,4,3,3,1,57,3,4,1,2,3,2,1,244984106,low,0
12/8/22 11:43,12/8/22 11:48,0,65.140.72.210,100,275,1,12/8/22 11:48,R_9RHMyBkscnylGSJ,,,,,47.5292,-117.2686,anonymous,EN,6,1,2,1,2,41.754,56.75,57.768,5,0,0,21.08,0,The income distribution is relatively equal with the difference between the lower 1/3 and the top 1/3 being about 1.5,37.183,37.183,86.042,1,5,5,1001,11.222,11.222,12.568,1,5,5.24,5.24,6.36,1,3,4,3,6,5,3,4,1,59,3,4,2,2,3,2,1,158353899,low,0
12/8/22 11:43,12/8/22 11:48,0,65.35.0.48,100,304,1,12/8/22 11:48,R_3LX6ezcgNdY4RWA,,,,,28.87,-82.3468,anonymous,EN,6,1,2,1,2,66.769,80.456,81.555,5,0,0,29.639,0,"The income inequality is very high between the people on the bottom, and the people on the top.",39.55,39.55,74.95,1,4,4,1001,18.993,18.993,20.803,1,3,6.238,6.238,7.942,1,6,7,6,3,4,3,3,1,56,4,5,2,3,1,2,1,980156137,high,1
12/8/22 11:39,12/8/22 11:48,0,63.151.24.186,100,533,1,12/8/22 11:48,R_2eW4mW0kTewtwn9,,,,,40.0797,-104.9307,anonymous,EN,6,1,2,1,2,145.859,182.106,191.483,8,0,0,49.288,0,The income distribution in this island was not fair. They are not paid for the work they are doing. The income distribution is unfair at Bimboola,30.68,88.956,111.031,3,3,2,1001,32.8,38.225,39.331,2,2,15.368,15.368,16.764,1,5,7,7,7,5,5,4,2,42,7,10,4,2,1,2,1,822917143,high,1
12/8/22 11:44,12/8/22 11:48,0,24.214.87.102,100,249,1,12/8/22 11:48,R_3nNrVKbIwJg3hVb,,,,,34.7095,-86.7361,anonymous,EN,6,1,2,1,2,2.651,98.331,110.817,15,4.198,7.855,10.908,4,seems unfair and unbalanced by a lot,1.403,34.35,45.654,3,5,5,1225,2.618,3.131,13.056,2,5,1.826,3.29,4.417,4,5,6,5,5,6,3,3,2,30,2,5,3,4,3,2,1,323937032,high,1
12/8/22 11:42,12/8/22 11:48,0,73.133.21.111,100,364,1,12/8/22 11:48,R_2WApyadFJlYeiIK,,,,,39.4332,-76.6546,anonymous,EN,6,1,2,1,2,82.442,135.341,140.79,6,0,0,14.401,0,Bimboola income distribution into 3 categories. These 3 people from 3 different income groups,2.55,9.389,73.976,2,4,3,761,5.483,5.483,15.731,1,4,1.572,1.572,4.561,1,5,4,3,5,6,3,2,2,29,5,8,3,5,2,2,1,578671075,high,1
12/8/22 11:45,12/8/22 11:48,0,172.58.228.45,100,212,1,12/8/22 11:48,R_2fw9qVTSqB5ks0i,,,,,40.8205,-73.9183,anonymous,EN,6,1,2,1,2,34.044,65.971,66.866,8,0,0,11.104,0,Middle class the distribution is not so bad in this place. ,7.664,7.664,29.582,1,5,6,1056,18.534,18.534,19.523,1,5,3.72,4.768,5.718,2,5,3,3,2,4,2,3,1,28,5,2,1,2,1,2,1,153113318,low,0
12/8/22 11:43,12/8/22 11:49,0,68.204.203.208,100,336,1,12/8/22 11:49,R_D1v3jsQjt9MlcXf,,,,,28.5274,-81.6012,anonymous,EN,6,1,2,1,2,0.28,223.029,223.967,25,0,0,13.483,0,the top third is getting the most money ,11.377,11.377,20.427,1,3,3,2028,16.131,16.131,16.825,1,4,2.282,2.282,5.345,1,7,5,6,6,5,3,4,1,44,3,5,2,3,1,2,4,511545635,high,1
12/8/22 11:40,12/8/22 11:49,0,73.82.138.252,100,536,1,12/8/22 11:49,R_1jQhMW1YquEhRc9,,,,,33.9372,-84.0791,anonymous,EN,6,1,2,1,2,35.39,116.166,116.766,9,32.602,33.618,34.888,2,"The income distribution can be described as 1/3 in the top, 1/3 in the middle, and1/3 in the bottom.  The income distribution in the bottom is about five times lower than the middle and the middle income is a little less than twice as low as the top.",30.733,214.979,225.597,9,4,4,0,52.045,65.532,66.792,2,2,4.774,5.686,7.211,3,7,7,6,4,4,3,3,2,52,5,10,3,4,3,2,1,493862252,high,1
12/8/22 11:45,12/8/22 11:49,0,24.96.75.62,100,257,1,12/8/22 11:49,R_22CSEyKyn2nGQ0K,,,,,34.8287,-86.8889,anonymous,EN,6,1,2,1,2,52.95,92.154,93.54,6,0,0,12.269,0,The income distribution is pretty equal,20.384,20.685,41.017,2,4,4,0,16.641,16.641,19.225,1,1,9.237,9.237,10.024,1,4,3,3,1,3,2,3,2,36,5,12,3,5,2,2,1,372008547,low,0
12/8/22 11:45,12/8/22 11:49,0,68.206.224.183,100,264,1,12/8/22 11:49,R_2xJpGEFEuFIgLiV,,,,,31.7775,-106.4903,anonymous,EN,6,1,2,1,2,40.475,104.427,105.2,6,0,0,18.058,0,low income inequality,16.184,16.184,27.187,1,4,4,3000,7.036,7.036,22.034,1,4,7.89,7.89,9.308,1,5,5,3,2,4,2,2,1,37,5,2,1,6,2,2,1,137064773,low,0
12/8/22 11:41,12/8/22 11:50,0,67.164.231.143,100,535,1,12/8/22 11:50,R_2uyRLVpeInCSjZE,,,,,38.6353,-121.4558,anonymous,EN,6,1,2,1,2,163.849,289.818,298.894,11,2.944,2.944,11.366,1,"The income distribution in Bimboola is different and huge in each income bracket even though there is only a 10 thousand dollar difference, it's a huge difference of income. ",13.803,75.849,118.986,3,5,6,3000,10.153,17.936,19.255,2,6,3.082,5.06,5.349,4,7,7,6,3,4,1,2,2,42,3,4,1,6,2,2,4,768604874,low,0
12/8/22 11:44,12/8/22 11:50,0,108.211.232.66,100,347,1,12/8/22 11:50,R_2QQKEahhaMdcx7y,,,,,38.22,-85.6942,anonymous,EN,6,1,2,1,2,4.454,66.152,66.969,13,2.694,2.694,130.867,1,Bimboola has an uneven income distribution heavily favoring the top 3rd who make several times more than the bottom third and nearly twice the middle third.,1.404,1.404,40.927,1,1,1,0,3.733,3.733,11.814,1,1,3.237,3.237,4.201,1,7,7,7,4,1,5,5,1,42,5,11,3,7,2,2,1,289776884,high,1
12/8/22 11:44,12/8/22 11:50,0,172.58.80.74,100,362,1,12/8/22 11:50,R_2ydz2CvMlGwyoaZ,,,,,44.9834,-93.2622,anonymous,EN,6,1,2,1,2,52.623,77.295,78.33,5,0,0,38.829,0,"The income distribution is divided into a top third, bottom third and middle third, ranging from around $53,000 to about $33,000.",22.692,22.692,88.622,1,4,4,1001,45.895,45.895,47.425,1,6,5.433,5.433,6.572,1,6,5,3,1,4,2,3,2,46,4,3,1,6,2,2,1,709209275,low,0
12/8/22 11:39,12/8/22 11:50,0,76.180.67.64,100,634,1,12/8/22 11:50,R_3nUfvyRGhlXPfJv,,,,,42.9297,-78.7434,anonymous,EN,6,1,2,1,2,30,36.752,52.26,4,2.394,2.394,12.092,1,Income distribution is wildly unequal.  The top third make almost 10x the bottom third of people. ,24.265,24.265,35.876,1,4,4,1018,11.815,11.815,12.347,1,5,0,0,4.016,0,7,7,7,2,4,4,5,1,34,3,5,1,7,2,2,1,473864781,high,1
12/8/22 11:42,12/8/22 11:50,0,71.198.106.174,100,459,1,12/8/22 11:50,R_rdUXNfCQ62oK6S5,,,,,37.6403,-122.0667,anonymous,EN,6,1,2,1,2,60.041,163.111,171.544,9,1.378,1.378,17.54,1,The first thing most businesses look at when evaluating saving money is their expenses. Expenses mainly come from outside and inside resources. ,1.404,127.377,130.691,8,5,7,2113,6.404,7.721,11.35,2,6,3.17,4.168,4.94,2,5,7,5,5,7,4,5,2,35,6,6,3,7,2,1,,950826812,high,1
12/8/22 11:37,12/8/22 11:50,0,76.30.195.123,100,785,1,12/8/22 11:50,R_1DYKArJh1aFS6jW,,,,,29.7056,-95.402,anonymous,EN,6,1,2,1,2,2.485,384.671,385.808,27,2.56,24.192,48.201,5,Most of the income distribution in Bimboola is based on the groups and the revenue brought in by each group.,3.486,133.132,134.03,21,4,5,1061,1.329,14.143,15.496,5,4,10.825,10.825,11.646,1,5,3,3,3,2,3,3,2,21,3,7,3,4,3,2,2,884548779,low,0
12/8/22 11:41,12/8/22 11:51,0,163.123.222.250,100,594,1,12/8/22 11:51,R_3rTf0ADgwlszyDx,,,,,40.6575,-74.3094,anonymous,EN,6,1,2,1,2,1.447,99.63,100.315,8,3.753,27.243,27.429,2,All the income varies at 10 percent rate,11.944,53.176,72.062,2,5,6,1369,5.637,5.637,83.436,1,6,81.139,81.554,82.613,2,6,5,4,4,6,4,3,1,29,5,3,3,6,1,2,1,83513756,low,0
12/8/22 11:46,12/8/22 11:51,0,173.18.36.3,100,294,1,12/8/22 11:51,R_2Sc89MsIEbBzQTN,,,,,41.1225,-88.8319,anonymous,EN,6,1,2,1,2,1.302,54.592,67.37,8,26.101,26.101,28.472,1,It varies wildly. The bottom is really bad while the middle is good. The top is still pretty good and not outrageous. ,1.687,73.361,74.542,10,5,5,1500,17.453,17.453,18.185,1,3,4.396,4.396,5.376,1,5,6,7,4,6,1,2,1,34,2,2,1,7,2,2,1,268733044,high,1
12/8/22 11:48,12/8/22 11:51,0,64.67.86.137,100,195,1,12/8/22 11:51,R_w4CjJA7jWG1fpnP,,,,,40.1846,-76.3015,anonymous,EN,6,1,2,1,2,33.965,63.753,64.095,6,0,0,13.001,0,The income distribution isn't that great between the top third and bottom third,7.345,29.319,38.845,4,2,2,739,5.743,10.971,11.487,3,2,1.965,1.965,3.957,1,4,2,3,6,4,3,3,2,31,4,8,3,2,1,2,1,287231474,low,0
12/8/22 11:41,12/8/22 11:51,0,172.223.83.17,100,584,1,12/8/22 11:51,R_2D2GvUjGLSL26Va,,,,,32.3816,-96.8322,anonymous,EN,6,1,2,1,2,131.051,143.314,144.378,6,34.136,34.136,37.532,1,"Economically, Bimbooleans can be divided into thirds, with the top third earning $78,500 annually and the bottom third making just $8,500. The middle third brings in $43,500 in income.",34.457,34.457,171.294,1,5,5,3000,12.761,22.855,23.435,2,4,8.097,8.097,14.494,1,5,6,5,2,2,2,3,1,40,2,4,2,4,3,2,2,878790059,high,1
12/8/22 11:39,12/8/22 11:51,0,71.230.17.167,100,720,1,12/8/22 11:51,R_3Emv5bubTfMblYd,,,,,40.1086,-75.2835,anonymous,EN,6,1,2,1,2,68.511,139.666,147.991,6,3.855,3.855,26.933,1,In Bimboola distribution of money is based on one by third format for three level of people.,26.196,107.283,121.546,3,6,5,1001,34.483,34.483,40.316,1,4,3.398,3.398,4.771,1,7,7,7,6,5,4,3,2,41,6,8,4,1,2,2,1,848089544,high,1
12/8/22 11:36,12/8/22 11:51,0,170.235.201.90,100,898,1,12/8/22 11:51,R_3KoyZ0v5BK09x7A,,,,,39.981,-75.1699,anonymous,EN,6,1,2,1,2,16.664,95.149,98.26,10,41.956,42.384,43.946,2,"The income is being distributed in thirds. Those who make top third are in the 50's , middle third, 40's, bottom third is 30's.",3.923,3.923,59.226,1,4,4,1141,3.419,3.419,11.156,1,4,2.07,3.159,4.056,3,4,5,4,4,4,3,3,2,42,6,10,4,5,2,2,2,388621350,low,0
12/8/22 11:45,12/8/22 11:52,0,73.135.6.206,100,417,1,12/8/22 11:52,R_2YFF5iTIYSYDy4c,,,,,39.5191,-78.0894,anonymous,EN,6,1,2,1,2,174.631,223.376,224.253,5,6.856,7.53,15.593,2,The income distribution Bimboola is different stages.,5.271,26.785,53.749,2,6,5,2446,5.716,12.808,13.232,2,6,2.405,4.193,5.012,3,6,5,6,6,5,5,4,1,51,6,9,4,7,2,2,2,665298845,high,1
12/8/22 11:46,12/8/22 11:52,0,98.30.159.158,100,352,1,12/8/22 11:52,R_2xMjq9lQQqKt1D5,,,,,41.1445,-84.5764,anonymous,EN,6,1,2,1,2,33.402,56.71,61.967,5,7.436,7.436,34.884,1,"Bimboolian income is categorized into three groups, and the income disparity is relatively low, compared to the rest of the world.",85.009,85.009,125.844,1,6,6,0,7.058,10.802,11.886,2,6,3.492,3.492,5.464,1,5,5,2,4,4,3,3,1,43,2,2,1,6,2,2,1,924122106,low,0
12/8/22 11:47,12/8/22 11:52,0,184.58.87.21,100,306,1,12/8/22 11:52,R_1FRkW5JTXKGjoaO,,,,,36.9365,-84.0901,anonymous,EN,6,1,2,1,2,34.935,127.468,128,9,0,0,19.127,0,It is greatly different between the three different levels of the income. ,12.303,48.851,53.81,2,3,2,258,10.544,17.346,17.685,4,2,9.423,9.423,11.045,1,7,7,7,1,4,1,2,2,27,3,2,1,5,2,2,1,565728859,high,1
12/8/22 11:47,12/8/22 11:52,0,71.78.62.83,100,337,1,12/8/22 11:52,R_25LQCGCkTSZ0rue,,,,,30.2095,-97.7972,anonymous,EN,6,1,2,1,2,36.07,78.82,80.053,15,1.7,27.237,28.4,2,"People from Bimboola rank in either the top third, the middle third and the bottom third in income distribution. From 78,500, 43,500 and 8,500",24.377,116.812,117.737,10,6,6,3000,10.801,17.258,19.442,4,7,4.708,4.708,5.701,1,7,7,6,5,5,3,3,1,50,5,3,3,7,2,2,4,881515278,high,1
12/8/22 11:37,12/8/22 11:52,0,73.201.246.52,100,917,1,12/8/22 11:52,R_1n1iMTWPTN9sToy,,,,,39.2891,-76.5583,anonymous,EN,6,1,2,1,2,641.887,668.452,668.85,7,0,0,24.543,0,"Income distribution is relatively even, but also somewhat low capped compared to other countries",44.64,128.758,129.658,7,3,4,799,19.367,19.367,20.429,1,3,4.916,5.561,6.183,2,3,3,3,5,3,3,3,1,34,6,6,3,7,2,2,1,693695741,low,0
12/8/22 11:39,12/8/22 11:53,0,173.80.194.129,100,827,1,12/8/22 11:53,R_vNAR1pdVSKO2YOB,,,,,37.8479,-81.9961,anonymous,EN,6,1,2,1,2,63.419,119.628,128.735,33,17.274,20.239,20.866,4,the top third makes almost ten times more than the bottom third of the people,67.17,88.859,89.101,5,5,4,752,129.701,132.908,133.562,4,3,48.663,49.693,50.656,3,7,7,7,5,4,2,3,2,40,,10,2,1,1,2,1,590492042,high,1
12/8/22 11:49,12/8/22 11:53,0,73.183.114.150,100,214,1,12/8/22 11:53,R_2Y318j3JNMQj0gJ,,,,,39.652,-79.9444,anonymous,EN,6,1,2,1,2,4.18,26.561,27.465,6,0,0,25.383,0,The groups were divided  based on income . ,3.596,3.596,37.504,1,4,5,972,4.961,4.961,20.863,1,5,2.238,2.238,4.561,1,5,4,3,5,4,4,2,2,29,5,7,3,3,2,2,1,471450326,low,0
12/8/22 11:48,12/8/22 11:53,0,99.197.211.163,100,318,1,12/8/22 11:53,R_1CxLOsNmnHGiN7b,,,,,35.8235,-96.374,anonymous,EN,6,1,2,1,2,56.077,85.667,88.309,8,0,0,29.404,0,It's divided into thirds. ,25.564,34.403,47.877,3,4,4,3000,17.755,17.755,21.232,1,4,7.954,7.954,9.167,1,7,7,7,1,5,2,2,1,34,2,1,1,2,1,2,1,106649513,high,1
12/8/22 11:48,12/8/22 11:53,0,172.58.4.111,100,308,1,12/8/22 11:53,R_27vsdHBdeFJzU0L,,,,,33.8895,-84.2921,anonymous,EN,6,1,2,1,2,40.541,102.343,103.708,8,15.944,15.944,17.571,1,"The top third own more wealth than the middle third, and the middle third possess more money than the bottom third.",25.579,25.579,65.752,1,5,5,3000,14.841,14.841,15.713,1,5,2.737,2.737,3.902,1,5,3,4,1,3,1,1,1,23,2,4,1,6,2,2,1,227869762,low,0
12/8/22 11:48,12/8/22 11:53,0,162.142.45.120,100,285,1,12/8/22 11:53,R_1Itqu3WcSuZc2JS,,,,,40.4236,-105.0935,anonymous,EN,6,1,2,1,2,53.326,72.866,74.115,8,20.337,20.337,26.748,1,The income distribution is fairly similar between the 3 groups; only $10K separates each.,22.109,22.109,55.765,1,3,4,499,14.556,14.556,21.253,1,4,7.09,7.214,8.553,3,3,3,2,1,5,2,2,1,46,5,2,2,4,3,2,1,50329452,low,0
12/8/22 11:49,12/8/22 11:53,0,68.50.159.229,100,257,1,12/8/22 11:53,R_3hlG2ZiG1sFC1x1,,,,,39.8996,-86.1692,anonymous,EN,6,1,2,1,2,20.705,33.401,38.132,6,0,0,11.85,0,The income distribution in Bimboola was completely unfair. They does not have reasonable income distribution.,2.92,52.851,53.304,2,4,2,1500,7.315,12.663,13.781,2,2,2.731,4.849,11.871,2,6,7,7,7,6,4,5,1,41,6,10,4,3,1,2,1,439762725,high,1
12/8/22 11:46,12/8/22 11:53,0,206.123.141.185,100,461,1,12/8/22 11:53,R_3sgfLb9ta38GDHY,,,,,37.7809,-122.4245,anonymous,EN,6,1,2,1,2,61.513,102.073,106.289,24,11.725,23.217,27.532,3,"There are three tiers of income where the lowest only make about $8,500 and the highest earner $78,500.",0.764,104.477,107.266,10,4,5,499,1.002,11.938,12.564,9,5,3.582,3.973,4.49,2,7,7,7,7,7,2,3,2,38,5,4,2,6,2,2,1,722309934,high,1
12/8/22 11:49,12/8/22 11:54,0,72.208.130.10,100,268,1,12/8/22 11:54,R_2ZIlnZasnGJrcRF,,,,,33.2409,-111.7792,anonymous,EN,6,1,2,1,2,15.495,47.768,48.744,6,0,0,35.167,0,"Yikes, income inequality seems to be a big issue.",8.128,8.128,32.048,1,5,5,1001,16.329,16.329,17.02,1,4,2.783,2.783,3.804,1,6,7,6,4,4,3,3,1,33,6,3,1,7,2,2,2,400815810,high,1
12/8/22 11:48,12/8/22 11:54,0,104.2.108.183,100,351,1,12/8/22 11:54,R_2r6uaRZM2Ij5j4R,,,,,41.5586,-87.5019,anonymous,EN,6,1,2,1,2,77.789,91.763,93.573,5,0,0,49.234,0,there is a large discrepancy between the top and bottom third,17.274,17.274,39.868,1,5,5,1500,38.503,39.75,41.155,2,4,6.147,7.624,9.878,3,6,6,6,5,6,3,4,1,45,5,12,4,5,3,2,4,241538952,high,1
12/8/22 11:39,12/8/22 11:55,0,76.125.247.59,100,950,1,12/8/22 11:55,R_322qS5tNpiDvCbH,,,,,40.3052,-79.5418,anonymous,EN,6,1,2,1,2,26.31,206.001,212.847,6,2.821,2.821,18.425,1,All the three income group add up to the same amount of money to both distributions,10.557,10.557,321.141,1,6,7,1504,7.42,36.69,39.034,2,6,11.806,11.806,13.234,1,6,5,7,6,5,4,3,1,31,6,6,3,1,2,2,1,915756087,high,1
12/8/22 11:38,12/8/22 11:55,0,71.121.214.123,100,1021,1,12/8/22 11:55,R_2UgrjmmFzBBFT9L,,,,,39.4799,-76.2955,anonymous,EN,6,1,2,1,2,105.138,409.65,410.452,8,0,0,212.454,0,"It is relatively equal. There is some inequality, but it is very minimal. The top earners only earn 60% more than the bottom. ",5.591,5.591,45.189,1,4,4,1276,84.176,84.176,85.04,1,5,2.754,2.754,3.842,1,5,4,3,6,7,3,3,1,34,5,6,3,4,2,2,1,987506590,low,0
12/8/22 11:39,12/8/22 11:55,0,73.44.86.194,100,999,1,12/8/22 11:55,R_21HC5HMc1QUIFbT,,,,,41.7011,-86.872,anonymous,EN,6,1,2,1,2,19.318,195.898,202.964,9,4.084,4.084,33.855,1,All the three income group add up to the same amount of money in both distributions. Previous studies shown that the economic inequality is associated with macrosocial outcomes and psychological process. The role of economic inequality in social cognition is poorly understood.,134.148,491.418,541.937,7,6,5,3000,70.867,80.287,81.754,4,6,4.437,4.437,5.25,1,5,6,5,5,6,4,5,1,39,5,6,3,6,2,2,1,8600894,high,1
12/8/22 11:47,12/8/22 11:56,0,174.249.248.2,100,560,1,12/8/22 11:56,R_334midmvHa9qt8U,,,,,37.751,-97.822,anonymous,EN,6,1,2,1,2,135.877,155.361,158.338,7,0,0,61.443,0,It is a relatively wealthy country with low income disparity. ,29.584,29.584,142.61,1,6,6,499,28.647,28.647,31.104,1,5,13.617,15.102,16.165,2,3,3,2,2,7,3,4,1,67,3,1,1,6,3,2,4,188880609,low,0
12/8/22 11:46,12/8/22 11:56,0,73.152.127.13,100,611,1,12/8/22 11:56,R_1pEHdn6zyjGhA9w,,,,,39.1487,-78.2637,anonymous,EN,6,1,2,1,2,14.989,23.492,92.947,5,13.062,13.062,16.647,1,"The interest/return when the borrower pays back. Most borrowers pay back in time; however, some borrowers may not pay back and unregister on the platform, in which case, it is hard for the lender even to receive the principal. The platform does not have any liability to compensate the lender’s loss.",1.543,5.078,11.459,2,6,4,2506,5.201,5.201,12.846,1,6,2.037,2.037,4.378,1,6,5,6,6,5,4,5,1,35,6,9,4,6,2,2,2,887665916,low,0
12/8/22 11:50,12/8/22 11:57,0,75.118.81.7,100,390,1,12/8/22 11:57,R_1JLUoKFfvh5ZUb0,,,,,40.081,-82.9383,anonymous,EN,6,1,2,1,2,64.262,118.987,119.184,8,1.264,48.71,49.547,3,"Income is disproportionately weighted to the top third, and to a lesser extent, the middle third.",4.537,4.537,52.166,1,6,5,752,1.692,12.489,13.165,2,5,1.678,1.678,3.452,1,7,7,6,5,6,3,4,1,32,5,6,2,7,2,2,1,687933075,high,1
12/8/22 11:38,12/8/22 11:57,0,208.200.5.79,100,1142,1,12/8/22 11:57,R_BVTLsOZlGBXqJvb,,,,,45.5496,-122.5044,anonymous,EN,6,1,2,1,2,346.895,439.601,450.111,16,0,0,40.415,0,They managed the fuds very well and distributed them well.,1.883,243.977,293.025,3,6,7,1010,4.92,51.689,52.614,3,6,2.146,3.463,6.965,3,6,7,5,6,6,4,5,2,45,5,8,4,2,2,2,1,900025691,high,1
12/8/22 11:39,12/8/22 11:57,0,98.195.224.190,100,1133,1,12/8/22 11:57,R_3R9n0ggr5iu8uJo,,,,,29.6518,-95.5176,anonymous,EN,6,1,2,1,2,14.741,616.988,617.612,6,0,0,90.805,0,The distribution looks very similar by brackets.,101.169,114.269,118.629,2,7,7,0,142.284,143.13,143.472,2,1,0.676,0.676,7.903,1,4,4,1,7,7,5,5,1,30,5,11,3,7,2,2,4,731484889,low,0
12/8/22 11:38,12/8/22 11:57,0,76.190.76.254,100,1155,1,12/8/22 11:57,R_1jpkcXVp4pnVPib,,,,,41.1701,-81.4424,anonymous,EN,6,1,2,1,2,16.79,85.386,86.565,7,3.196,3.747,227.732,2,It seems to be very equal compared to the US,1.238,156.351,156.766,3,6,6,1500,2.478,7.244,10.956,5,5,1.772,3.691,4.394,3,5,5,6,5,4,4,3,1,30,5,9,3,7,2,2,1,681164794,low,0
12/8/22 11:45,12/8/22 11:58,0,73.45.83.133,100,726,1,12/8/22 11:58,R_2EGmkyFe0rc2uye,,,,,42.0382,-88.262,anonymous,EN,6,1,2,1,2,105.928,153.33,164.364,7,3.202,3.674,24.723,2,"Bimboolian people can be categorized into three groups: the top 1/3, the middle 1/3, and the bottom 1/3. The chart below depicts the average annual income of each group.",1.5,16.242,45.38,6,5,6,1508,13.583,13.583,15.04,1,6,258.531,258.531,259.188,1,6,5,6,6,5,4,5,2,49,6,7,3,6,2,2,1,928201331,low,0
12/8/22 11:49,12/8/22 11:58,0,162.229.53.30,100,540,1,12/8/22 11:58,R_1pMtfxvwtzd6Ya5,,,,,35.2426,-80.741,anonymous,EN,6,1,2,1,2,2.617,113.657,119.529,32,2.973,21.185,33.662,5,"Bimboola people are categorized by three different groups for income distribution, which are top 1/3, middle 1/3, and bottom 1/3.",3.976,158.597,164.376,28,5,5,1001,3.206,34.767,48.39,7,3,6.767,6.767,16.6,1,5,7,5,5,5,2,3,1,38,4,5,1,7,2,2,2,75307824,high,1
12/8/22 11:39,12/8/22 11:58,0,91.196.220.104,100,1115,1,12/8/22 11:58,R_3338iex7IB9FjrB,,,,,34.0544,-118.244,anonymous,EN,6,1,2,1,2,611.967,647.01,651.187,7,0,0,43.918,0,"well, there seem to be some inequality in the distribution of wealth but it is not so much ",22.362,22.362,65.507,1,5,5,1500,17.089,17.883,18.215,2,4,9.876,9.876,10.603,1,4,3,3,2,3,2,3,1,29,5,5,3,3,2,2,1,988485358,low,0
12/8/22 11:51,12/8/22 11:58,0,73.76.222.6,100,461,1,12/8/22 11:58,R_xEqYFY35MaKGWZ3,,,,,30.0043,-95.1747,anonymous,EN,6,1,2,1,2,118.548,134.649,156.729,7,0,0,49.685,0,they managed the funds very well and distributed them equally among all ,2.929,70.162,129.472,4,6,5,2227,6.069,6.069,22.817,1,6,2.982,2.982,4.889,1,6,5,6,5,6,4,3,2,41,5,8,4,2,2,2,1,494442214,high,1
12/8/22 11:55,12/8/22 11:59,0,75.90.63.69,100,217,1,12/8/22 11:59,R_2rGhf8xnkR38rse,,,,,30.0408,-82.9311,anonymous,EN,6,1,2,1,2,34.556,53.387,54.132,5,0,0,24.764,0,"There are very poor, a middle class, and a richer class",12.712,12.712,44.203,1,5,5,1001,12.623,12.623,14.71,1,5,2.921,2.921,3.846,1,7,7,7,1,5,2,4,1,32,3,2,1,7,2,2,1,316908390,high,1
12/8/22 11:56,12/8/22 11:59,0,172.127.23.180,100,186,1,12/8/22 11:59,R_2V9KZsNOcJVAQA4,,,,,35.8538,-78.686,anonymous,EN,6,1,2,1,2,2.374,53.401,54.136,9,8.246,8.246,18.53,1,There are three different groups in Bimboola. There is large income inequality between these three groups. ,6.017,16.717,40.102,5,4,4,0,10.892,10.892,12.639,1,1,2.891,2.891,4.231,1,7,7,7,4,4,4,3,2,29,5,9,3,7,2,2,6,908541497,high,1
12/8/22 11:46,12/8/22 11:59,0,73.110.230.137,100,823,1,12/8/22 11:59,R_3qwVK5dCn2fnju4,,,,,41.6786,-85.9579,anonymous,EN,6,1,2,1,2,141.581,164.343,174.576,6,10.855,10.855,12.045,1,"Bimboola people can be categorized into three groups such as top, middle, bottom. ",45.777,431.674,469.058,6,6,7,2244,3.611,7.142,13.435,2,6,0,0,5.804,0,7,5,6,6,6,4,5,2,52,6,7,3,6,2,2,1,296575260,high,1
12/8/22 11:54,12/8/22 11:59,0,66.38.103.191,100,332,1,12/8/22 11:59,R_XGHQtnSGOLplWNP,,,,,36.7614,-86.1929,anonymous,EN,6,1,2,1,2,55.817,66.416,67.429,5,34.101,34.101,41.101,1,"There are 3 different income groups in Bimboola, 1/3 in the top who earn $78,500, 1/3 in the middle who earn $43,500, and 1/3 in the bottom who earn $8500.",19.559,19.559,98.533,1,5,5,3000,27.696,27.696,28.632,1,5,5.619,5.619,6.577,1,7,7,7,1,1,3,4,2,65,5,11,3,2,1,2,1,44915395,high,1
12/8/22 11:38,12/8/22 12:00,0,50.231.88.211,100,1346,1,12/8/22 12:00,R_ALJYzilYcfZlMTD,,,,,40.7149,-73.9893,anonymous,EN,6,1,2,1,2,663.494,880.146,881.998,14,26.216,26.216,42.879,1,People living in unequal societies tend to worry  about their social status. In this chart that inequality may have agreater  impact on the society.,3.055,97.611,222.097,2,5,5,507,47.682,47.682,48.671,1,6,6.792,7.5,9.055,2,7,7,7,7,7,3,3,1,46,6,5,3,1,1,2,2,44396938,high,1
12/8/22 11:56,12/8/22 12:00,0,76.143.47.95,100,218,1,12/8/22 12:00,R_BtfkOQOGPAOIF7H,,,,,29.7439,-95.6067,anonymous,EN,6,1,2,1,2,51.56,77.77,78.636,6,0,0,12.086,0,There is a large difference between the poorest and richest people in this country.,15.655,15.655,37.041,1,4,4,1006,8.979,8.979,12.731,1,4,3.678,4.841,5.137,2,7,7,7,1,4,2,2,1,33,2,5,2,7,2,2,2,59172381,high,1
12/8/22 11:39,12/8/22 12:01,0,35.133.235.69,100,1279,1,12/8/22 12:01,R_Wxi1EEnn6nrC9jz,,,,,34.5251,-82.6307,anonymous,EN,6,1,2,1,2,291.263,406.269,406.755,7,0,0,62.739,0,"it's very fair, the tiers are evenly distributed and inequality is relatively smal",1.37,74.227,85.711,6,5,6,1923,30.725,31.138,127.978,4,6,1.003,2.74,5.45,2,6,5,7,5,6,4,2,1,24,5,8,3,6,2,2,1,971392479,low,0
12/8/22 11:54,12/8/22 12:01,0,98.58.161.58,100,402,1,12/8/22 12:01,R_STceIapeGXypzTH,,,,,26.0162,-80.1955,anonymous,EN,6,1,2,1,2,7.663,182.502,185.993,12,2.208,21.339,22.036,4,I think the income distribution in Bimboola is fair.,15.801,36.73,42.617,6,7,6,2290,6.735,6.735,16.767,1,6,1.665,1.665,27.76,1,4,4,3,5,3,3,3,1,28,5,5,3,7,2,2,4,988032665,low,0
12/8/22 11:50,12/8/22 12:01,0,63.75.252.188,100,619,1,12/8/22 12:01,R_3HZIebJwWXDyzUr,,,,,40.7149,-73.9893,anonymous,EN,6,1,2,1,2,13.361,122.742,125.512,8,0,0,18.552,0,"The distribution of income is simply a statistical measure of how many people earn or receive various amounts of income. However, people, including many economists, often mistakenly talk as if society is “distributing” income and people are passively receiving it.",47.523,152.668,199.416,5,7,7,1504,20.212,23.64,24.552,2,7,2.241,2.241,4.342,1,7,7,7,7,7,4,4,1,33,5,6,3,4,2,2,1,94462042,low,0
12/8/22 11:56,12/8/22 12:01,0,23.119.175.212,100,333,1,12/8/22 12:01,R_vIGJ2dPY0WMePXr,,,,,29.6918,-95.6526,anonymous,EN,6,1,2,1,2,6.54,74.18,74.823,8,3.43,11.118,23,3,The income distribution in Bimboola is very close to one another. The lowest group on average makes 20 thousand less than the top group.,3.893,122.156,143.868,12,4,4,752,10.938,10.938,20.783,1,5,4.166,4.755,5.448,2,5,3,3,1,3,2,2,1,35,2,4,1,2,1,1,,489176359,low,0
12/8/22 11:57,12/8/22 12:02,0,108.12.238.97,100,254,1,12/8/22 12:02,R_1r3uktu78zdycq9,,,,,41.874,-71.3844,anonymous,EN,6,1,2,1,2,1.988,79.373,100.775,15,1.744,7.41,30.246,8,It's pretty wide - the poor don't make enough. Nearly enough.,3.032,3.032,14.132,1,2,3,908,5.978,10.588,11.784,2,4,0.746,1.307,16.398,2,5,3,4,3,5,3,3,1,34,5,3,2,5,2,2,1,902582209,high,1
12/8/22 11:59,12/8/22 12:03,0,185.238.231.151,100,231,1,12/8/22 12:03,R_1qaFeV9M6TGSiWl,,,,,39.7388,-104.9868,anonymous,EN,6,1,2,1,2,1.696,50.576,51.225,13,2.714,5.585,17.61,2,The income is divided up into the top 1/3rd the middle 1/3rd and the bottom 1/3rd.,9.296,31.367,50.701,5,4,4,1001,1.199,11.849,12.598,2,6,3.325,3.325,3.977,1,7,7,7,5,5,3,3,1,50,4,3,2,3,1,2,1,210602145,high,1
12/8/22 11:59,12/8/22 12:04,0,67.7.27.221,100,302,1,12/8/22 12:04,R_3HLG91MofK4fem0,,,,,31.7583,-95.6366,anonymous,EN,6,1,2,1,2,45.917,56.976,57.892,8,26.29,26.29,27.864,1,"The top third of the population's income is nearly 2 times the middle third, and the middle third's income is nearly 5 times that of the bottom third.",23.652,95.675,96.179,2,4,4,1001,19.343,27.831,28.895,2,5,4.501,4.501,5.768,1,7,7,6,5,5,3,4,1,63,3,7,2,7,2,2,1,890676709,high,1
12/8/22 11:55,12/8/22 12:04,0,67.149.119.168,100,523,1,12/8/22 12:04,R_2uQgU1UY9fShfz3,,,,,27.7889,-82.7192,anonymous,EN,6,1,2,1,2,16.559,109.406,110.52,10,3.976,12.575,24.278,2,"The income distribution isn't unduly skewed. There is only a $20,000 difference between the top third and bottom third. The middle third has a $10,000 difference when compared to the top third and the bottom third. ",14.457,181.829,193.061,8,6,6,1006,4.584,34.343,36.217,8,2,6.88,8.483,9.593,3,6,6,5,2,2,5,4,2,67,5,5,2,2,1,2,1,794267135,low,0
12/8/22 11:56,12/8/22 12:06,0,98.167.1.154,100,615,1,12/8/22 12:06,R_1M0tu0dZDtAsS5l,,,,,36.2584,-115.1073,anonymous,EN,6,1,2,1,2,0.276,176.738,185.455,9,6.858,7.243,25.606,2,"The top third, middle third and bottom third have a 10,000 different between the classes.",0.236,152.569,153.426,11,5,4,1500,16.809,18.127,25.228,3,5,7.593,8.441,8.964,2,6,6,5,1,4,1,2,1,37,2,4,2,3,2,1,,266936003,low,0
12/8/22 12:00,12/8/22 12:07,0,167.224.165.133,100,373,1,12/8/22 12:07,R_2eWsc5VKOKOfnXS,,,,,36.1835,-94.1762,anonymous,EN,6,1,2,1,2,3.027,153.288,154.117,13,7.919,7.919,21.489,1,In distribution is broken up into three tiers within the country. Each tier represents a third of each group within the country.,10.938,56.709,86.87,9,4,4,503,14.77,14.77,15.529,1,3,7.361,7.361,8.219,1,5,4,2,4,5,3,3,1,40,2,8,2,4,3,2,2,548351763,low,0
12/8/22 12:02,12/8/22 12:08,0,173.172.83.15,100,348,1,12/8/22 12:08,R_2TBFPSMMx2TgApO,,,,,39.0537,-94.5906,anonymous,EN,6,1,2,1,2,42.021,57.958,59.144,5,0,0,27.401,0,"Income distribution in Bimboola falls into three distinct categories, with a top third, a middle third, and a bottom third. The differences in income distribution are relatively good.",20.289,98.029,98.872,6,6,6,503,31.728,31.728,33.201,1,6,5.78,5.78,6.634,1,3,3,3,1,5,2,5,1,49,2,2,1,6,2,2,1,360516959,low,0
12/8/22 12:08,12/8/22 12:11,0,65.60.186.127,100,188,1,12/8/22 12:11,R_2AN22EU9RicIF6P,,,,,40.0233,-83.0859,anonymous,EN,6,1,2,1,2,0,0,53.604,0,4.696,16.981,18.669,5,"Very unequal, with the top earning about 10x more than the bottom",2.669,7.906,38.323,3,4,4,300,0,0,18.48,0,3,0,0,5.916,0,7,7,7,3,4,2,2,2,24,5,9,3,4,3,2,2,209701889,high,1
12/8/22 12:05,12/8/22 12:12,0,174.28.88.40,100,374,1,12/8/22 12:12,R_31jfkOTDDcioJgs,,,,,35.141,-106.711,anonymous,EN,6,1,2,1,2,34.506,48.584,50.566,6,0,0,19.947,0,"The income distribution does not seem excessively unequal. It's divided according to three groups, but the average difference is only about $20K.",15.162,15.162,70.244,1,3,3,0,22.164,22.164,23.098,1,2,3.079,5.875,6.649,3,5,3,3,2,2,2,2,2,47,6,7,2,5,3,2,1,499152507,low,0
12/8/22 11:59,12/8/22 12:13,0,35.138.238.49,100,789,1,12/8/22 12:13,R_21GGy6iHrgJtvAW,,,,,28.2475,-82.4943,anonymous,EN,6,1,2,1,2,520.823,528.831,529.938,5,0,0,74.52,0,3 tiers where the top third and middle third are pretty close to each other but the bottom third is very poor.,14.679,14.679,37.092,1,4,4,499,6.742,6.742,16.185,1,5,37.607,38.545,39.236,2,6,7,5,2,4,3,3,1,37,3,11,2,3,1,2,1,314249261,high,1
12/8/22 12:08,12/8/22 12:14,0,24.130.139.63,100,363,1,12/8/22 12:14,R_eRlYPuNwUcjJW5r,,,,,37.7201,-121.919,anonymous,EN,6,1,2,1,2,50.389,85.062,89.421,6,0,0,24.507,0,The income distribution in Bimboola appears to be more equal than America and many other countries. The difference in income between the bottom 1/3 and the top 1/3 is relatively small in comparison.,16.469,100.845,109.208,2,6,6,503,27.202,27.202,34.2,1,3,8.314,8.719,10.501,2,4,4,3,2,3,3,3,2,57,6,11,3,7,2,2,1,708874574,low,0
12/8/22 12:10,12/8/22 12:15,0,75.166.160.49,100,276,1,12/8/22 12:15,R_UYHGne48sn0kYgN,,,,,39.6667,-105.0854,anonymous,EN,6,1,2,1,2,17.286,87.902,92.414,6,3.773,3.773,12.244,1,The amount of equality in income is pretty even across the board. ,8.611,8.611,27.294,1,4,4,963,4.503,6.424,14.861,2,4,1.137,1.804,4.222,2,4,4,3,5,5,4,4,1,40,5,10,3,3,3,2,5,720978261,low,0
12/8/22 12:07,12/8/22 12:15,0,108.41.116.241,100,505,1,12/8/22 12:15,R_XU2lEJu4w8c6Cqd,,,,,40.6631,-73.7601,anonymous,EN,6,1,2,1,2,45.306,78.388,81.68,8,22.165,22.165,40.488,1,"There is not a huge gap between the top, middle and bottom third of income distribution in Bimboola. The top is $53,500 the middle is $43,500 and the bottom is $33,500.",32.992,107.94,131.447,4,5,4,254,17.612,57.397,58.4,5,3,4.87,4.87,20.559,1,3,2,3,2,3,2,2,2,36,5,9,3,6,2,2,2,315491206,low,0
12/8/22 12:10,12/8/22 12:15,0,71.113.184.99,100,324,1,12/8/22 12:15,R_2V1uXYQtRGkO0Nt,,,,,40.1788,-77.0047,anonymous,EN,6,1,2,1,2,5.112,117.4,137.877,13,0,0,34.561,0,"It is a lot more fair than the US of A.  No one is rich, but I suppose that everyone can survive.",5.912,20.004,54.323,2,5,5,101,9.367,9.367,12.555,1,4,2.155,2.155,4.629,1,5,3,4,2,4,2,4,2,55,5,2,1,7,4,2,6,87732254,low,0
12/8/22 12:11,12/8/22 12:15,0,100.0.174.237,100,245,1,12/8/22 12:15,R_2QybSD6yRhQAPKb,,,,,42.2904,-71.0712,anonymous,EN,6,1,2,1,2,4.995,103.235,103.788,50,0.887,3.502,13.268,3,it is pretty unequal. the top make a lot more than the bottom third.,1.019,13.787,39.866,4,5,6,2910,1.736,15.631,16.353,6,6,4.998,4.998,5.301,1,6,6,6,3,5,3,4,1,29,5,9,3,6,2,2,1,134313568,high,1
12/8/22 12:12,12/8/22 12:15,0,50.223.132.21,100,203,1,12/8/22 12:15,R_pcTf720Zmea1u4V,,,,,40.6764,-73.8753,anonymous,EN,6,1,2,1,2,9.987,43.928,45.728,15,7.05,12.904,14.301,2,"Income distribution is the smoothness or equality with which income is dealt out among members of a society. If everyone earns exactly the same amount of money, then the income distribution is perfectly equal.",8.628,33.503,36.973,4,7,7,3000,5.54,8.866,10.461,3,7,1.733,2.98,4.238,2,7,7,7,7,7,5,5,2,41,6,6,5,1,1,1,,401165222,low,0
12/8/22 12:09,12/8/22 12:15,0,98.20.153.150,100,356,1,12/8/22 12:15,R_1OV5CGNUgQog9vu,,,,,36.6482,-90.8094,anonymous,EN,6,1,2,1,2,47.587,62.193,63.589,5,0,0,31.751,0,The top third makes 7 times more than the bottom third. and the middle third makes 5 times more.,34.354,34.354,80.308,1,3,4,1006,38.01,38.01,39.576,1,4,6.339,6.339,8.877,1,6,7,7,3,6,1,3,2,51,2,3,1,7,2,2,4,700327269,high,1
12/8/22 12:11,12/8/22 12:16,0,73.157.51.110,100,250,1,12/8/22 12:16,R_Y9LjPCGvIb7qZbz,,,,,47.7345,-117.447,anonymous,EN,6,1,2,1,2,39.492,62.248,63.299,11,6.275,6.275,22.086,1,"The incomes are very fairly distributed, with there being only small amounts of inequality between the top third and bottom third.",13.259,30.462,65.679,2,6,6,1010,12.355,17.004,18.437,3,7,2.586,2.586,4.397,1,3,3,1,3,7,4,3,1,38,5,10,4,5,2,2,1,355430399,low,0
12/8/22 11:53,12/8/22 12:16,0,12.250.96.30,100,1380,1,12/8/22 12:16,R_3dDOjt2jOTTanFc,,,,,33.1909,-96.6198,anonymous,EN,6,1,2,1,2,328.384,566.631,567.339,29,5.507,8.422,11.623,5,It seems that the distribution of wealth according to social class is not so wide from one class to another.,14.562,73.894,75.881,8,5,5,1721,3.876,10.893,11.781,2,4,3.823,3.823,5.037,1,4,4,4,1,4,3,3,1,30,5,5,3,5,2,2,1,993313299,low,0
12/8/22 12:09,12/8/22 12:16,0,202.182.71.22,100,429,1,12/8/22 12:16,R_1hQJq1ieKFlri2j,,,,,40.7123,-74.0068,anonymous,EN,6,1,2,1,2,3.289,167.455,168.711,15,1.813,1.813,15.394,1,"Based on their annual incomes, Bimboolian people can be categorized into three groups: the top 1/3, the middle 1/3, and the bottom 1/3. The chart below depicts the average annual income of each group.",1.52,51.279,60.377,6,6,6,1999,3.031,37.528,39.26,5,6,3.747,3.747,5.569,1,3,6,2,6,5,4,3,1,63,6,9,3,5,1,2,1,230625519,low,0
12/8/22 12:09,12/8/22 12:16,0,184.91.127.17,100,462,1,12/8/22 12:16,R_puDN1KNnGh3mlUZ,,,,,28.6524,-81.4897,anonymous,EN,6,1,2,1,2,4.51,286.459,287.362,10,0,0,18.218,0,It is relatively close with only ten thousand difference between each group.,12.961,12.961,39.721,1,5,4,499,17.804,26.545,27.739,3,3,6.413,6.413,7.558,1,4,3,3,1,4,2,2,2,43,2,1,1,7,2,2,1,735066066,low,0
12/8/22 12:11,12/8/22 12:17,0,76.128.223.158,100,377,1,12/8/22 12:17,R_3rP1ORJp08AG5YU,,,,,26.6371,-80.0841,anonymous,EN,6,1,2,1,2,33.926,76.482,77.645,12,36.622,39.006,40.485,2,The income distribution is very unequal. There is a large difference in the bottom thirds income from the middle and top incomes.,17.726,88.48,89.883,5,2,2,503,15.584,32.687,34.724,2,3,5.425,5.425,6.761,1,6,7,6,4,6,3,3,2,70,2,4,2,6,2,2,1,39956813,high,1
12/8/22 12:10,12/8/22 12:17,0,65.215.31.53,100,448,1,12/8/22 12:17,R_a9pzRZORlAtVoZj,,,,,40.8547,-73.9218,anonymous,EN,6,1,2,1,2,32.466,177.451,179.36,7,11.384,21.766,25.109,4,"The distribution of income is simply a statistical measure of how many people earn or receive various amounts of income. However, people, including many economists, often mistakenly talk as if society is “distributing” income and people are passively receiving it.
",8.745,80.621,85.387,6,7,7,3000,26.866,29.764,30.544,2,7,2.518,2.518,4.532,1,6,4,4,6,6,5,5,2,35,5,5,3,7,2,2,2,268471463,high,1
12/8/22 12:07,12/8/22 12:17,0,71.204.64.105,100,628,1,12/8/22 12:17,R_2U5SUEkAySBb9My,,,,,33.852,-84.1152,anonymous,EN,6,1,2,1,2,19.63,342.632,344.168,25,6.01,6.01,20.471,1,very well valuable points,3.992,11.3,13.902,2,7,6,2527,3.886,12.428,13.287,2,7,1.862,3.182,11.621,2,7,6,6,6,6,4,5,1,68,6,12,3,1,2,2,1,266568606,high,1
12/8/22 12:13,12/8/22 12:18,0,4.4.48.253,100,273,1,12/8/22 12:18,R_1hMz3i0t4oKdiDC,,,,,30.3023,-97.6914,anonymous,EN,6,1,2,1,2,42.482,83.458,85.056,8,10.296,11.65,17.945,2,There are huge gaps between each group but the top third overall doesn't make much. The bottom third makes very little,23.612,23.612,49.564,1,2,2,1001,17.945,17.945,18.72,1,2,3.363,5.084,5.912,3,7,7,7,2,1,2,3,2,28,6,7,3,5,2,2,1,931598356,high,1
12/8/22 12:13,12/8/22 12:19,0,59.152.105.233,100,362,1,12/8/22 12:19,R_3IaQOq2DumaXRMa,,,,,23.8672,90.3927,anonymous,EN,6,1,2,1,2,3.577,117.116,130.828,17,0,0,14.143,0,I think its really cool,6.431,126.299,133.806,8,5,4,1272,2.511,2.511,12.892,1,4,1.128,1.128,3.943,1,3,4,3,3,4,2,3,1,33,4,4,3,7,2,2,1,565706409,low,0
12/8/22 11:59,12/8/22 12:19,0,45.131.195.167,100,1242,1,12/8/22 12:19,R_OrLHnT5WFp4xiIV,,,,,40.7876,-74.06,anonymous,EN,6,1,2,1,2,15.142,192.268,235.767,9,24.48,30.562,34.06,5,It has three areas from the top third which has more investment to bottom with the lowest.,4.983,137.741,140.4,4,6,7,1999,10.62,15.115,15.917,2,6,39.044,44.677,46.656,2,7,6,2,6,5,4,2,1,30,5,9,3,7,2,1,,485667827,low,0
12/8/22 12:14,12/8/22 12:19,0,74.89.193.170,100,310,1,12/8/22 12:19,R_2PtaeQbewuJzFcY,,,,,41.0551,-72.4289,anonymous,EN,6,1,2,1,2,2.909,96.536,97.228,26,2.765,4.724,30.787,2,"It's a pretty big difference from the top to the bottom, The top third make 10x the lowest. ",0.855,81.462,83.71,23,4,3,1001,1.378,17.684,18.262,8,3,2.785,3.365,4.029,2,7,7,6,6,7,2,3,1,54,3,8,3,6,2,2,1,508020215,high,1
12/8/22 12:09,12/8/22 12:20,0,64.250.241.220,100,682,1,12/8/22 12:20,R_3j6TePyu3p7Xktg,,,,,36.1724,-115.0677,anonymous,EN,6,1,2,1,2,7.31,277.84,279.459,9,2.588,2.588,17.06,1,Bimboola's income shows that they're distribution is good because their top 1/3 is at $78.5k,125.301,242.423,243.56,3,7,7,1500,14.733,39.037,39.679,3,7,3.833,4.265,4.877,2,7,1,7,1,1,2,3,1,32,2,2,2,4,3,2,4,632852858,high,1
12/8/22 12:16,12/8/22 12:21,0,173.186.160.65,100,311,1,12/8/22 12:21,R_3q7DQINCdmFXkS2,,,,,31.0827,-83.6834,anonymous,EN,6,1,2,1,2,10.821,65.162,66.349,5,8.525,26.336,32.25,5,"They can be categorized in the top, middle or bottom 1/3 group.",1.909,66.374,67.709,6,5,4,2075,11.89,37.286,40.297,4,5,3.076,3.076,6.34,1,4,3,5,5,6,4,3,2,40,3,7,1,5,2,2,2,284472286,low,0
12/8/22 12:17,12/8/22 12:21,0,98.215.93.19,100,278,1,12/8/22 12:21,R_UaKH7Ftes1kfaUx,,,,,40.4693,-88.9424,anonymous,EN,6,1,2,1,2,8.897,86.666,87.275,10,3.966,3.966,21.836,1,"The income is divided into three groups, top, middle and bottom. The top makes an average 78,50, the middle makes 43,500 and the bottom makes 8,500. It's quite a wide gap between bottom and top.",16.288,16.288,72.786,1,5,5,0,9.748,9.748,10.851,1,2,4.349,4.349,6.569,1,6,7,6,2,4,2,2,1,33,5,5,2,6,2,2,1,858281163,high,1
12/8/22 12:17,12/8/22 12:21,0,71.77.157.207,100,273,1,12/8/22 12:21,R_x4nHsIwQ5cUiH0B,,,,,35.1873,-79.473,anonymous,EN,6,1,2,1,2,3.765,88.71,89.905,9,12.012,12.602,26.045,2,While it is not nearly as unequal as the US it does have a disparity of income.,13.442,13.442,47.46,1,5,5,1504,31.133,36.6,37.294,5,4,4.366,4.366,5.45,1,7,7,5,3,4,2,3,2,61,6,2,3,7,2,2,1,869970865,low,0
12/8/22 12:07,12/8/22 12:21,0,71.63.47.189,100,843,1,12/8/22 12:21,R_116HYpoMiD5c6E4,,,,,37.3392,-77.4175,anonymous,EN,6,1,2,1,2,45.491,91.761,103.203,5,0,0,15.142,0,Incomes are at three group levels.,25.042,25.042,34.233,1,4,5,1031,29.454,29.454,31.225,1,4,5.391,5.391,6.611,1,7,6,6,2,2,3,3,2,49,4,3,2,6,2,2,1,609544842,high,1
12/8/22 12:17,12/8/22 12:21,0,98.59.117.84,100,284,1,12/8/22 12:22,R_WxhzFUcs79uCpMJ,,,,,44.8058,-93.6071,anonymous,EN,6,1,2,1,2,26.913,69.007,70.102,7,0,0,52.634,0,"Bimboola is a fairly equal country, with only about $20,000 separating the top and bottom earners. ",8.427,43.274,59.69,6,5,6,3000,15.014,15.014,17.092,1,5,2.835,2.835,3.74,1,4,3,3,5,5,4,4,2,32,5,1,1,1,1,2,6,799425466,low,0
12/8/22 12:20,12/8/22 12:23,0,158.62.212.105,100,187,1,12/8/22 12:23,R_2rkEjpbGT9eQckh,,,,,40.7123,-74.0068,anonymous,EN,6,1,2,1,2,10.941,30.105,33.918,13,6.505,11.38,11.901,2,"Income distribution is the smoothness or equality with which income is dealt out among members of a society. If everyone earns exactly the same amount of money, then the income distribution is perfectly equal.",9.618,34.312,37.399,5,7,7,3000,5.589,7.761,11.526,3,7,2.207,2.207,4.346,1,7,7,7,7,7,5,5,1,60,4,6,5,1,1,1,,384816517,low,0
12/8/22 12:16,12/8/22 12:24,0,72.209.177.161,100,440,1,12/8/22 12:24,R_1JFKPGS6stUkxLd,,,,,37.0687,-97.031,anonymous,EN,6,1,2,1,2,1.73,76.168,76.891,13,2.214,82.945,84.204,6,"Income distribution across all thirds from top to bottom are about equal except for the top having $10,000 more than the middle who has $10,000 more than the bottom. Income distribution is actually reasonable. ",1.28,98.82,113.642,5,5,5,1001,10.134,10.134,13.932,1,5,3.642,5.059,5.598,2,3,3,3,6,5,3,3,1,31,2,6,2,4,3,2,1,890278231,low,0
12/8/22 12:18,12/8/22 12:24,0,98.211.139.207,100,321,1,12/8/22 12:24,R_2tumnBfUDgBCuYW,,,,,25.761,-80.2325,anonymous,EN,6,1,2,1,2,4.589,104.702,106.078,11,2.275,2.275,11.989,1,"The bottom third of Bimboolans have little money, with the top two thirds significantly wealthier.",1.231,11.777,87.311,2,5,5,507,20.381,22.867,23.829,2,3,4.454,5.591,6.745,3,5,7,5,5,3,4,4,1,42,6,4,2,7,2,1,,957206074,high,1
12/8/22 12:19,12/8/22 12:25,0,38.76.65.32,100,367,1,12/8/22 12:25,R_3iPiEYB0dIJzjiI,,,,,40.8171,-73.9392,anonymous,EN,6,1,2,1,2,28.796,172.669,173.479,19,1.721,9.741,12.998,5,The income distribution is very unequal due to the fact that it seems the top earn way more money then the bottom third.,35.348,36.086,62.672,2,5,4,1086,3.675,15.737,16.605,5,3,1.268,2.552,4.114,3,7,7,6,5,4,3,5,1,23,4,11,4,6,2,1,,883527044,high,1
12/8/22 12:21,12/8/22 12:26,0,71.60.67.237,100,292,1,12/8/22 12:26,R_1gAyqhjKbCZTuCB,,,,,41.0266,-80.3498,anonymous,EN,6,1,2,1,2,39.28,65.352,66.726,9,0,0,29.523,0,"Bimboolian people can be classified into three groups, higher earners, middle earners, and low earners.",19.131,19.131,62.895,1,6,5,1010,22.06,22.06,23.212,1,5,5.02,5.804,6.803,3,5,5,4,2,5,3,3,1,64,3,5,2,6,2,2,1,901702894,low,0
12/8/22 12:15,12/8/22 12:26,0,64.179.183.7,100,626,1,12/8/22 12:26,R_3CTaHix3iZPHqRg,,,,,44.3692,-103.3617,anonymous,EN,6,1,2,1,2,120.912,183.823,184.91,5,0,0,54.638,0,"The top 1/3 makes the most money overall, with the middle 1/3 making fairly good money.  The bottom 1/3 hardly makes any money and would be a big loan risk.",31.559,31.559,112.873,1,2,2,249,101.203,115.244,124.943,10,2,5.825,5.825,7.29,1,7,7,7,2,2,3,3,2,65,5,4,3,6,2,2,1,909962706,high,1
12/8/22 12:23,12/8/22 12:28,0,76.138.252.87,100,279,1,12/8/22 12:28,R_Wk4adpNa7GuZ63T,,,,,45.6952,-122.6541,anonymous,EN,6,1,2,1,2,38.64,106.225,107.364,10,8.147,9.587,15.951,4,"Income distribution is divided into thirds. There is a bottom, middle, and top.",17.331,18.753,49.556,2,2,3,499,13.096,13.096,14.03,1,4,3.549,3.549,4.701,1,6,7,5,7,5,2,2,1,37,3,4,2,6,2,2,1,87727238,high,1
12/8/22 12:23,12/8/22 12:28,0,98.217.19.212,100,300,1,12/8/22 12:28,R_3Gy5hyKoiqhOAgI,,,,,42.0857,-70.999,anonymous,EN,6,1,2,1,2,52.177,100.403,101.02,6,0,0,14.581,0,It has 3 tiers where there is extremely poor to moderate income. ,20.448,20.448,54.577,1,2,2,706,28.002,28.002,29.02,1,3,3.993,8.407,10.798,3,6,7,7,5,6,3,3,2,47,3,10,3,5,2,2,1,470517797,high,1
12/8/22 12:30,12/8/22 12:32,0,67.190.240.96,100,147,1,12/8/22 12:32,R_27U38hfd3xem59S,,,,,30.3122,-81.7243,anonymous,EN,6,1,2,1,2,21.888,41.024,42.158,8,0,0,13.753,0,"It is relatively homogenous, without large class differences.",8.27,8.27,14.918,1,4,4,503,12.326,12.326,13.774,1,3,3.986,3.986,4.867,1,3,3,2,3,5,3,3,1,28,6,7,4,7,2,2,1,482066355,low,0
12/8/22 12:12,12/8/22 12:34,0,207.244.89.162,100,1344,1,12/8/22 12:34,R_3FP4A03fFDcTA7y,,,,,39.715,-75.6178,anonymous,EN,6,1,2,1,2,607.483,700.33,701.597,15,0,0,18.237,0,The gap between the rich and the poor is large.,318.115,335.056,354.415,2,5,5,1504,12.421,22.697,23.642,2,5,1.973,1.973,3.92,1,7,7,7,6,6,3,4,1,23,5,8,3,6,2,2,2,132717079,high,1
12/8/22 12:31,12/8/22 12:36,0,209.237.107.3,100,296,1,12/8/22 12:36,R_ZDmwVzmuarppdTj,,,,,45.0116,-93.0351,anonymous,EN,6,1,2,1,2,76.509,125.64,126.482,6,7.131,7.596,16.038,2,It is fairly equally distributed as the top third has about 60% more than the bottom third.  This is much better than most nations. ,6.749,6.749,48.651,1,6,6,1500,11.608,11.608,12.457,1,6,1.614,1.614,6.869,1,3,3,3,5,2,3,4,1,38,5,10,3,6,2,2,1,12251505,low,0
12/8/22 12:32,12/8/22 12:36,0,65.131.221.169,100,270,1,12/8/22 12:36,R_3oL53JD364LKHpm,,,,,40.2854,-82.6793,anonymous,EN,6,1,2,1,2,39.055,76.16,77.363,10,28.713,28.713,30.343,1,The bottom third is at a significant disadvantage while the top 2/3 difference is much smaller,7.717,41.248,53.848,2,4,4,1001,24.232,25.319,25.925,2,4,2.68,3.049,4.439,2,7,7,7,3,4,3,4,1,29,2,1,1,7,3,2,1,895240416,high,1
12/8/22 12:38,12/8/22 12:41,0,68.82.50.181,100,199,1,12/8/22 12:41,R_2sXZJUyLzMc4jou,,,,,40.0022,-75.3008,anonymous,EN,6,1,2,1,2,6.156,57.428,57.677,9,9.708,9.708,11.862,1,"The income distribution is not too unequal because the difference between the three groups of income is between 10,000 to 20,000",10.999,10.999,57.22,1,5,5,1500,6.964,10.654,11.146,2,4,2.525,2.525,3.705,1,5,5,4,1,1,2,2,2,31,7,11,3,4,2,2,4,17611207,low,0
12/8/22 12:42,12/8/22 12:49,0,71.31.3.187,100,383,1,12/8/22 12:49,R_SCcYMJdG4FBqP5v,,,,,37.2664,-84.6026,anonymous,EN,6,1,2,1,2,34.35,66.689,68.371,9,0,0,31.856,0,"There is a very large gap between the lowest 1/3 of earners in bimboola and the highest. The people on the lowest end make in my opinion an unlivable wage. The people at the top make nearly 10 times that. The people in the middle I would say make a normal living wage, but are by no means comfortable.",25.399,25.399,155.478,1,2,2,0,18.126,18.126,21.299,1,1,4.786,4.786,5.686,1,7,7,7,2,6,2,3,1,33,2,4,1,7,2,2,1,553469603,high,1
12/8/22 12:43,12/8/22 12:49,0,47.200.100.100,100,347,1,12/8/22 12:49,R_1GIB9CcIp4ccHsz,,,,,27.893,-82.5074,anonymous,EN,6,1,2,1,2,13.343,58.878,59.784,9,5.372,5.372,63.614,1,It is pretty fair and equal.,6.831,6.831,60.494,1,4,4,1504,6.621,12.411,13.711,2,4,2.036,2.676,4.328,2,1,2,1,1,4,3,2,1,32,5,10,3,7,2,2,1,687144583,low,0
12/8/22 12:48,12/8/22 12:53,0,47.227.120.54,100,296,1,12/8/22 12:53,R_1IyIy1XK1T9vatS,,,,,39.7436,-86.1158,anonymous,EN,6,1,2,1,2,1.061,99.062,99.582,8,2.698,5.29,24.777,2,It's very unevenly distributed.,9.321,21.905,31.471,2,1,1,0,10.386,10.386,11.742,1,1,5.869,5.869,6.829,1,7,7,7,3,4,3,3,2,26,2,7,2,1,1,2,1,511440,high,1
12/8/22 12:48,12/8/22 12:53,0,75.90.61.142,100,291,1,12/8/22 12:53,R_1Hjei0tqkJ9YxXj,,,,,29.8097,-82.4675,anonymous,EN,6,1,2,1,2,41.963,84.531,84.844,8,0,0,19.126,0,The income distribution is separated into thirds and is very unequal. The top third makes almost ten times the bottom third.,19.065,19.065,68.848,1,3,4,0,16.889,16.889,18.862,1,2,5.729,5.729,6.965,1,7,7,7,6,7,3,4,1,36,5,3,1,6,2,2,1,927461633,high,1
12/8/22 12:52,12/8/22 12:58,0,73.187.15.130,100,378,1,12/8/22 12:58,R_3fe3NTXd4nXqzQI,,,,,40.0691,-76.5606,anonymous,EN,6,1,2,1,2,77.632,183.23,184.386,8,0,0,21.437,0,Looks like the income distribution is not that different between the three groups.  The top earners only make 20000 more than the lowest earners.,12.407,74.721,75.64,12,4,4,1001,5.003,7.066,11.225,2,5,3.222,3.759,4.401,2,3,3,3,2,5,2,3,2,45,2,10,2,2,1,2,1,514087909,low,0
12/8/22 12:43,12/8/22 13:01,0,96.11.217.118,100,1079,1,12/8/22 13:01,R_3P7wafByBRfduxG,,,,,38.0012,-84.5325,anonymous,EN,6,1,2,1,2,35.117,65.001,70.026,8,0,0,11.516,0,It seems to be mildly fair,474.374,736.545,756.133,6,7,7,1006,24.64,106.325,108.074,4,7,2.055,2.055,4.189,1,5,3,3,6,7,3,3,2,45,4,8,3,5,2,2,1,85697619,low,0
12/8/22 12:59,12/8/22 13:03,0,174.194.133.72,100,246,1,12/8/22 13:03,R_3KUV8gbItHyhK0R,,,,,37.7794,-122.2178,anonymous,EN,6,1,2,1,2,23.153,51.199,52.275,6,0,0,13.714,0,"The top 1/3 of the country earns $78,500. The middle 1/3 earns $43,500. The bottom 1/3 earns $8500. ",36.466,36.466,83.012,1,2,2,0,6.148,6.148,16.087,1,1,2.605,2.605,4.545,1,6,7,7,2,4,2,2,2,27,5,1,1,5,3,1,,623121475,high,1
12/8/22 13:07,12/8/22 13:12,0,47.211.88.189,100,324,1,12/8/22 13:12,R_3s08c3QVsfU7ApW,,,,,31.2232,-92.3203,anonymous,EN,6,1,2,1,2,22.847,110.825,111.638,12,10.205,10.205,24.904,1,"Income is distributed into three tiers, top middle and bottom. ",8.819,55.034,71.315,5,6,6,3000,15.056,23.909,24.771,3,6,6.371,7.736,8.485,2,3,3,2,7,7,2,2,2,44,5,11,3,5,2,2,1,226723750,low,0
12/8/22 13:14,12/8/22 13:20,0,76.113.133.172,100,349,1,12/8/22 13:20,R_3r08shW0AeSvNdc,,,,,45.0228,-93.3012,anonymous,EN,6,1,2,1,2,117.713,134.923,136.019,6,0,0,32.31,0,"Income is cut into three different groups - lower, middle, and upper class.",38.607,38.607,65.141,1,4,4,1500,11.325,11.325,12.491,1,3,5.938,5.938,7.063,1,6,7,7,4,4,2,2,2,35,5,8,2,3,3,2,2,567428039,high,1