id,ideology,education,income,religion,gender,age,hispanic,ethnicity
0,Neutral,High school graduate,"40,000 - 49,999",Catholic,Female,77,No,White
1,Neutral,High school graduate,"20,000 - 29,999",No religion,Female,71,No,American Indian or Alaska Native
2,Liberal,Four-year college degree,"90,000 - 99,999",Catholic,Male,50,No,White
3,Conservative,Some college,"30,000 - 39,999",Protestant,Female,66,No,White
4,Liberal,High school graduate,"30,000 - 39,999",Catholic,Male,76,No,White
5,conservative,Four-year college degree,"20,000 - 29,999",Protestant,Female,69,No,White
6,conservative,Professional degree,"60,000 - 69,999",Catholic,Female,76,No,White
7,Liberal,High school graduate,"60,000 - 69,999",Catholic,Male,70,No,White
8,Neutral,Some college,"40,000 - 49,999",Protestant,Male,66,No,White
9,Neutral,Some college,"80,000 - 89,999",Agnostic,Female,58,No,White
10,conservative,Professional degree,"50,000 - 59,999",Protestant,Female,77,No,White
11,Conservative,Two-year college degree,"40,000 - 49,999",Catholic,Male,74,No,White
12,Liberal,Professional degree,"60,000 - 69,999",Catholic,Female,71,No,White
13,Neutral,High school graduate,"50,000 - 59,999",Catholic,Female,67,No,White
14,Conservative,High school graduate,"70,000 - 79,999",Protestant,Male,79,No,White
15,Neutral,Professional degree,"80,000 - 89,999",Jewish,Male,85,No,White
16,conservative,Professional degree,"More than 150,000",No religion,Female,67,No,White
17,Liberal,Four-year college degree,"20,000 - 29,999",No religion,Male,70,No,White
18,Conservative,Professional degree,"70,000 - 79,999",Catholic,Male,73,No,White
19,conservative,Professional degree,"40,000 - 49,999",Protestant,Male,80,No,White
20,conservative,High school graduate,"50,000 - 59,999",Other religion,Female,54,No,White
21,Liberal,Four-year college degree,"80,000 - 89,999",Catholic,Male,36,Yes,Hispanic
22,Liberal,Some college,"30,000 - 39,999",Protestant,Male,67,No,White
23,Conservative,Four-year college degree,"50,000 - 59,999",No religion,Female,63,No,White
24,Neutral,Two-year college degree,"20,000 - 29,999",Protestant,Female,85,No,White
25,conservative,High school graduate,"80,000 - 89,999",Protestant,Male,67,No,White
26,Liberal,Some college,"50,000 - 59,999",Protestant,Female,64,No,White
27,Liberal,Doctorate,"70,000 - 79,999",Catholic,Male,37,No,White
28,Neutral,Some college,"50,000 - 59,999",No religion,Male,61,No,White
29,Liberal,Four-year college degree,"100,000 - 149,999",Protestant,Female,56,No,Black or African American
30,Conservative,Four-year college degree,"10,000 - 19,999",Protestant,Male,72,No,White
31,Liberal,Less than high school,"70,000 - 79,999",Other religion,Female,59,No,Black or African American
32,conservative,Professional degree,"More than 150,000",Muslim,Male,41,No,White
33,Neutral,Four-year college degree,"80,000 - 89,999",Catholic,Female,42,No,White
34,Conservative,Some college,"40,000 - 49,999",Protestant,Male,66,No,White
35,Liberal,Some college,"50,000 - 59,999",Catholic,Female,70,No,White
36,Conservative,Four-year college degree,"70,000 - 79,999",Catholic,Male,76,Yes,Hispanic
37,Liberal,High school graduate,"30,000 - 39,999",Protestant,Female,64,No,White
38,Liberal,Doctorate,"50,000 - 59,999",Muslim,Male,26,No,Asian
39,Conservative,Two-year college degree,"More than 150,000",Agnostic,Female,61,No,White
40,Neutral,High school graduate,"70,000 - 79,999",Catholic,Male,27,No,Black or African American
41,Neutral,Two-year college degree,"70,000 - 79,999",Catholic,Female,45,No,White
42,Liberal,Some college,"80,000 - 89,999",No religion,Female,56,No,Black or African American
43,Neutral,High school graduate,"20,000 - 29,999",Other religion,Female,21,Yes,Hispanic
44,Neutral,Some college,"70,000 - 79,999",Other religion,Female,60,No,Black or African American
45,Neutral,Professional degree,"More than 150,000",Jewish,Male,70,No,White
46,Liberal,Some college,"20,000 - 29,999",Catholic,Female,50,No,Black or African American
47,conservative,Four-year college degree,"100,000 - 149,999",Protestant,Female,35,No,White
48,Conservative,Professional degree,"70,000 - 79,999",Protestant,Male,70,No,White
49,Conservative,Some college,"10,000 - 19,999",Other religion,Female,71,No,White
50,Neutral,Some college,"30,000 - 39,999",Catholic,Female,73,No,White
51,Liberal,Four-year college degree,"50,000 - 59,999",Other religion,Female,67,No,Black or African American
52,conservative,Professional degree,"100,000 - 149,999",Atheist,Male,68,No,White
53,conservative,Professional degree,"100,000 - 149,999",Jewish,Male,76,No,White
54,Neutral,High school graduate,"50,000 - 59,999",Protestant,Female,75,No,White
55,Conservative,Some college,"100,000 - 149,999",Protestant,Female,64,No,White
56,Neutral,High school graduate,"50,000 - 59,999",Protestant,Female,58,No,White
57,Liberal,Four-year college degree,"100,000 - 149,999",Catholic,Female,55,No,White
58,Conservative,Four-year college degree,"80,000 - 89,999",Protestant,Female,43,No,White
59,conservative,Four-year college degree,"40,000 - 49,999",Protestant,Male,90,No,White
60,conservative,Four-year college degree,"More than 150,000",Catholic,Female,49,No,White
61,conservative,Four-year college degree,"30,000 - 39,999",Catholic,Female,83,No,White
62,Liberal,Four-year college degree,"40,000 - 49,999",Jewish,Male,64,No,White
63,Neutral,High school graduate,"30,000 - 39,999",Catholic,Female,76,No,White
64,Neutral,Two-year college degree,"20,000 - 29,999",Other religion,Female,25,No,White
65,Neutral,Four-year college degree,"60,000 - 69,999",Catholic,Male,63,No,White
66,Liberal,Some college,"60,000 - 69,999",Agnostic,Female,67,No,White
67,Liberal,High school graduate,"10,000 - 19,999",Catholic,Male,59,No,White
68,Liberal,Professional degree,"100,000 - 149,999",Catholic,Male,42,No,White
69,Conservative,High school graduate,"30,000 - 39,999",Protestant,Female,69,No,White
70,conservative,Some college,"60,000 - 69,999",Jewish,Female,58,No,White
71,Neutral,Some college,"100,000 - 149,999",Catholic,Female,55,No,White
72,conservative,Some college,"70,000 - 79,999",Agnostic,Male,69,No,White
73,conservative,Professional degree,"100,000 - 149,999",Catholic,Male,36,No,White
74,Conservative,Some college,"100,000 - 149,999",Catholic,Male,73,No,White
75,Neutral,Four-year college degree,"30,000 - 39,999",No religion,Female,68,No,Black or African American
76,Neutral,Some college,"40,000 - 49,999",Protestant,Male,74,No,White
77,Liberal,High school graduate,"50,000 - 59,999",Atheist,Female,27,No,White
78,Liberal,Four-year college degree,"90,000 - 99,999",Catholic,Female,22,Yes,Hispanic
79,Neutral,Two-year college degree,"30,000 - 39,999",Protestant,Female,70,No,White
80,Neutral,High school graduate,"40,000 - 49,999",No religion,Female,51,No,White
81,Conservative,Four-year college degree,"70,000 - 79,999",Protestant,Female,90,No,White
82,conservative,Some college,"More than 150,000",No religion,Male,70,No,White
83,Liberal,Some college,"10,000 - 19,999",Protestant,Female,35,No,White
84,Liberal,High school graduate,"10,000 - 19,999",No religion,Female,32,No,White
85,Liberal,Some college,"30,000 - 39,999",No religion,Male,45,No,White
86,Neutral,Some college,"100,000 - 149,999",Other religion,Female,59,No,White
87,Conservative,Professional degree,"70,000 - 79,999",Catholic,Male,64,Yes,Hispanic
88,conservative,Two-year college degree,"40,000 - 49,999",No religion,Male,74,No,White
89,Liberal,Four-year college degree,"100,000 - 149,999",Jewish,Female,80,No,White
90,Liberal,Four-year college degree,"40,000 - 49,999",Protestant,Male,64,No,White
91,Neutral,Four-year college degree,"80,000 - 89,999",Catholic,Male,61,No,White
92,conservative,Some college,"30,000 - 39,999",Protestant,Female,67,No,White
93,Conservative,Some college,"100,000 - 149,999",Other religion,Male,25,No,White
94,Liberal,High school graduate,"10,000 - 19,999",Agnostic,Female,50,No,White
95,Liberal,Professional degree,"100,000 - 149,999",Protestant,Female,43,No,White
96,Liberal,Two-year college degree,"40,000 - 49,999",Catholic,Female,59,No,White
97,Neutral,Some college,"30,000 - 39,999",Protestant,Female,58,No,White
98,Liberal,Two-year college degree,"80,000 - 89,999",Other religion,Female,60,No,White
99,Liberal,Four-year college degree,"40,000 - 49,999",Agnostic,Female,62,No,White
100,Neutral,Four-year college degree,"50,000 - 59,999",Catholic,Female,38,No,White
101,Liberal,Four-year college degree,"40,000 - 49,999",Other religion,Male,66,No,Black or African American
102,Neutral,Four-year college degree,"90,000 - 99,999",Jewish,Female,67,No,White
103,Liberal,Four-year college degree,"90,000 - 99,999",No religion,Female,53,No,White
104,Liberal,Professional degree,"30,000 - 39,999",Atheist,Male,30,No,White
105,Liberal,High school graduate,"70,000 - 79,999",No religion,Female,61,No,White
106,Conservative,Four-year college degree,"More than 150,000",Other religion,Female,51,No,White
107,Liberal,High school graduate,"50,000 - 59,999",Protestant,Female,53,No,White
108,Neutral,Two-year college degree,"20,000 - 29,999",Protestant,Female,71,No,White
109,Neutral,Professional degree,"90,000 - 99,999",Catholic,Female,43,No,White
110,Conservative,Four-year college degree,"40,000 - 49,999",Protestant,Female,57,No,White
111,Conservative,Four-year college degree,"100,000 - 149,999",Protestant,Male,65,No,White
112,Conservative,Professional degree,"100,000 - 149,999",Agnostic,Female,63,No,White
113,Liberal,Some college,"40,000 - 49,999",Agnostic,Female,49,No,White
114,Liberal,High school graduate,"60,000 - 69,999",Protestant,Female,58,No,White
115,Conservative,Some college,"40,000 - 49,999",Atheist,Male,69,No,White
116,conservative,Some college,"10,000 - 19,999",Protestant,Male,69,No,White
117,Neutral,High school graduate,"20,000 - 29,999",Protestant,Female,69,No,White
118,Neutral,Some college,"80,000 - 89,999",Atheist,Male,60,No,White
119,Neutral,High school graduate,"50,000 - 59,999",Catholic,Female,57,No,White
120,Neutral,Some college,"20,000 - 29,999",Other religion,Female,72,No,Other
121,Liberal,Some college,"40,000 - 49,999",Other religion,Female,52,No,White
122,Conservative,Professional degree,"90,000 - 99,999",Catholic,Female,67,No,White
123,Neutral,Four-year college degree,"100,000 - 149,999",Protestant,Female,65,No,White
124,Conservative,Four-year college degree,"50,000 - 59,999",Protestant,Male,65,No,White
125,Liberal,Some college,"More than 150,000",Catholic,Male,61,No,White
126,Liberal,Some college,"40,000 - 49,999",No religion,Female,42,No,White
127,Conservative,High school graduate,"20,000 - 29,999",Protestant,Male,62,No,White
128,conservative,High school graduate,"50,000 - 59,999",Catholic,Female,67,No,White
129,Liberal,Professional degree,"100,000 - 149,999",Atheist,Female,58,No,White
130,Liberal,Four-year college degree,"100,000 - 149,999",Protestant,Female,61,No,White
131,Conservative,Professional degree,"More than 150,000",Catholic,Male,67,Yes,Hispanic
132,Liberal,Four-year college degree,"70,000 - 79,999",Other religion,Male,41,No,White
133,Conservative,Four-year college degree,"100,000 - 149,999",Catholic,Female,63,No,Other
134,Conservative,High school graduate,"20,000 - 29,999",Protestant,Female,44,No,White
135,Neutral,High school graduate,"40,000 - 49,999",Catholic,Male,65,No,White
136,Liberal,High school graduate,"60,000 - 69,999",Protestant,Female,80,No,Black or African American
137,Conservative,Professional degree,"40,000 - 49,999",Protestant,Female,28,No,White
138,conservative,Four-year college degree,"70,000 - 79,999",Protestant,Female,67,No,White
139,Conservative,Four-year college degree,"20,000 - 29,999",No religion,Male,72,No,White
140,conservative,High school graduate,"50,000 - 59,999",Catholic,Male,78,No,White
141,Liberal,Four-year college degree,"40,000 - 49,999",No religion,Female,67,No,Black or African American
142,Liberal,Professional degree,"100,000 - 149,999",Catholic,Male,45,No,White
143,Liberal,Professional degree,"100,000 - 149,999",Catholic,Male,82,Yes,Hispanic
144,Conservative,Four-year college degree,"More than 150,000",Catholic,Female,44,No,White
145,Conservative,High school graduate,"70,000 - 79,999",Catholic,Female,58,No,White
146,Neutral,Some college,"10,000 - 19,999",Other religion,Female,59,No,White
147,Liberal,Professional degree,"50,000 - 59,999",Protestant,Female,49,No,White
148,conservative,High school graduate,"10,000 - 19,999",Catholic,Female,62,No,White
149,Neutral,Some college,"More than 150,000",No religion,Female,67,No,White
150,Liberal,Four-year college degree,"100,000 - 149,999",No religion,Female,32,No,White
151,Conservative,Some college,"50,000 - 59,999",Catholic,Male,66,No,White
152,Conservative,Some college,"40,000 - 49,999",Protestant,Female,69,No,White
153,Liberal,Some college,"Less than 10,000",No religion,Female,28,No,Black or African American
154,Conservative,Two-year college degree,"50,000 - 59,999",No religion,Female,70,No,White
155,Liberal,Professional degree,"More than 150,000",No religion,Male,53,No,White
156,conservative,Four-year college degree,"100,000 - 149,999",Catholic,Male,61,No,White
157,Conservative,Some college,"60,000 - 69,999",Other religion,Female,60,No,White
158,conservative,Some college,"40,000 - 49,999",Catholic,Female,77,No,White
159,Liberal,High school graduate,"10,000 - 19,999",Protestant,Female,39,No,White
160,Neutral,High school graduate,"40,000 - 49,999",Protestant,Female,77,No,White
161,Liberal,High school graduate,"30,000 - 39,999",Catholic,Female,58,No,White
162,Neutral,Four-year college degree,"20,000 - 29,999",Protestant,Female,85,No,White
163,Conservative,Some college,"40,000 - 49,999",Catholic,Female,65,No,White
164,Neutral,Some college,"40,000 - 49,999",No religion,Female,71,No,White
165,Conservative,Some college,"30,000 - 39,999",Protestant,Male,60,Yes,Hispanic
166,Conservative,Professional degree,"100,000 - 149,999",Catholic,Male,74,No,White
167,Conservative,Doctorate,"60,000 - 69,999",Mormon,Female,68,No,White
168,Liberal,Four-year college degree,"More than 150,000",Other religion,Female,77,No,White
169,Liberal,Four-year college degree,"40,000 - 49,999",Jewish,Female,72,No,White
170,Conservative,Professional degree,"More than 150,000",Protestant,Male,69,No,White
171,Liberal,Professional degree,"90,000 - 99,999",Catholic,Female,49,No,White
172,Neutral,Some college,"40,000 - 49,999",Protestant,Male,68,No,White
173,Liberal,Professional degree,"More than 150,000",No religion,Female,55,No,Asian
174,conservative,Two-year college degree,"40,000 - 49,999",Protestant,Female,56,No,White
175,Liberal,Some college,"50,000 - 59,999",Protestant,Male,74,No,American Indian or Alaska Native
176,Neutral,Some college,"30,000 - 39,999",No religion,Female,66,No,White
177,Conservative,Some college,"30,000 - 39,999",Protestant,Female,65,No,White
178,Liberal,Two-year college degree,"100,000 - 149,999",No religion,Male,50,No,White
179,Conservative,Four-year college degree,"90,000 - 99,999",Catholic,Male,68,No,White
180,conservative,Some college,"More than 150,000",Catholic,Female,20,No,White
181,Liberal,High school graduate,"50,000 - 59,999",Protestant,Female,30,No,White
182,Neutral,Two-year college degree,"60,000 - 69,999",Agnostic,Female,57,No,White
183,conservative,High school graduate,"20,000 - 29,999",Other religion,Male,45,No,White
184,Neutral,High school graduate,"30,000 - 39,999",No religion,Female,49,No,White
185,Conservative,Professional degree,"50,000 - 59,999",Other religion,Female,57,No,White
186,Neutral,High school graduate,"20,000 - 29,999",No religion,Male,67,No,Black or African American
187,conservative,Two-year college degree,"80,000 - 89,999",No religion,Female,43,No,White
188,Conservative,Professional degree,"80,000 - 89,999",No religion,Male,67,No,White
189,Neutral,Professional degree,"60,000 - 69,999",No religion,Male,62,No,White
190,conservative,Some college,"80,000 - 89,999",Protestant,Male,79,No,White
191,Neutral,Four-year college degree,"50,000 - 59,999",Catholic,Female,42,Yes,Hispanic
192,Neutral,Two-year college degree,"10,000 - 19,999",Protestant,Female,72,No,White
193,Conservative,Some college,"50,000 - 59,999",Protestant,Female,64,No,White
194,Liberal,Professional degree,"100,000 - 149,999",Catholic,Female,70,No,White
195,Neutral,Some college,"30,000 - 39,999",Protestant,Female,40,No,Black or African American
196,Conservative,Four-year college degree,"40,000 - 49,999",Catholic,Female,68,No,White
197,conservative,Four-year college degree,"100,000 - 149,999",Catholic,Female,69,No,White
198,Liberal,Four-year college degree,"30,000 - 39,999",Protestant,Female,22,No,White
199,Liberal,Four-year college degree,"100,000 - 149,999",Catholic,Male,38,No,White
200,Liberal,Four-year college degree,"90,000 - 99,999",No religion,Female,42,No,Asian
201,Liberal,Some college,"60,000 - 69,999",Atheist,Female,29,No,White
202,Neutral,Four-year college degree,"10,000 - 19,999",Protestant,Male,57,No,White
203,Liberal,Two-year college degree,"20,000 - 29,999",Jewish,Female,69,No,White
204,Conservative,High school graduate,"10,000 - 19,999",Protestant,Female,70,No,White
205,Neutral,Two-year college degree,"100,000 - 149,999",Jewish,Female,66,No,White
206,Neutral,Some college,"50,000 - 59,999",Catholic,Male,71,No,White
207,Neutral,Four-year college degree,"20,000 - 29,999",Muslim,Female,46,Yes,Hispanic
208,Liberal,Four-year college degree,"100,000 - 149,999",Atheist,Male,54,No,Asian
209,Conservative,Two-year college degree,"60,000 - 69,999",Protestant,Female,67,No,White
210,Neutral,Four-year college degree,"70,000 - 79,999",Protestant,Male,76,No,White
211,Conservative,Some college,"100,000 - 149,999",Agnostic,Male,74,No,White
212,Conservative,Professional degree,"90,000 - 99,999",Agnostic,Male,72,No,White
213,conservative,Four-year college degree,"50,000 - 59,999",Protestant,Female,63,No,White
214,Liberal,Two-year college degree,"30,000 - 39,999",No religion,Male,67,Yes,Hispanic
215,Neutral,Four-year college degree,"More than 150,000",Protestant,Female,73,No,White
216,Conservative,High school graduate,"50,000 - 59,999",Protestant,Female,55,No,White
217,Conservative,Four-year college degree,"100,000 - 149,999",Catholic,Male,71,No,White
218,conservative,High school graduate,"60,000 - 69,999",Catholic,Female,53,Yes,Hispanic
219,Liberal,Professional degree,"90,000 - 99,999",Jewish,Male,75,No,White
220,conservative,Some college,"60,000 - 69,999",No religion,Female,43,No,White
221,Liberal,Some college,"20,000 - 29,999",No religion,Male,70,Yes,Hispanic
222,Liberal,Two-year college degree,"100,000 - 149,999",Agnostic,Female,48,No,White
223,Conservative,Four-year college degree,"30,000 - 39,999",Protestant,Female,68,No,White
224,Conservative,Professional degree,"100,000 - 149,999",Catholic,Female,67,No,White
225,Conservative,High school graduate,"60,000 - 69,999",Protestant,Male,49,No,White
226,Neutral,Two-year college degree,"30,000 - 39,999",Catholic,Female,64,No,White
227,Liberal,Two-year college degree,"70,000 - 79,999",Protestant,Female,36,No,White
228,conservative,Four-year college degree,"40,000 - 49,999",Agnostic,Female,47,No,White
229,Conservative,Four-year college degree,"60,000 - 69,999",Protestant,Male,76,No,White
230,Liberal,Some college,"30,000 - 39,999",Catholic,Female,44,No,Black or African American
231,Conservative,Four-year college degree,"50,000 - 59,999",Protestant,Male,67,No,White
232,Neutral,Four-year college degree,"50,000 - 59,999",Protestant,Male,65,No,White
233,Liberal,Two-year college degree,"50,000 - 59,999",Protestant,Male,75,No,White
234,Liberal,Four-year college degree,"50,000 - 59,999",Catholic,Female,67,No,White
235,Liberal,Some college,"70,000 - 79,999",Protestant,Female,54,No,White
236,conservative,Four-year college degree,"100,000 - 149,999",Protestant,Female,61,No,White
237,Conservative,Some college,"50,000 - 59,999",Protestant,Female,76,No,White
238,Liberal,Four-year college degree,"More than 150,000",Catholic,Female,27,No,White
239,Liberal,Four-year college degree,"60,000 - 69,999",Atheist,Male,74,No,White
240,Liberal,High school graduate,"30,000 - 39,999",Catholic,Female,28,No,White
241,conservative,High school graduate,"10,000 - 19,999",No religion,Female,41,No,White
242,Liberal,Some college,"10,000 - 19,999",No religion,Female,67,No,White
243,Neutral,Some college,"20,000 - 29,999",Agnostic,Female,52,No,White
244,conservative,Two-year college degree,"30,000 - 39,999",Protestant,Male,67,No,White
245,Conservative,Professional degree,"More than 150,000",Catholic,Female,55,No,White
246,Liberal,Some college,"30,000 - 39,999",Catholic,Female,22,No,Asian
247,Liberal,Professional degree,"70,000 - 79,999",Catholic,Male,40,Yes,Hispanic
248,Neutral,Some college,"30,000 - 39,999",No religion,Female,33,No,White
249,conservative,Two-year college degree,"90,000 - 99,999",No religion,Male,50,No,Asian
250,Neutral,Four-year college degree,"90,000 - 99,999",Agnostic,Female,42,No,White
251,Liberal,Some college,"Less than 10,000",No religion,Female,28,No,White
252,Liberal,Some college,"Less than 10,000",Protestant,Female,45,No,White
253,Neutral,Some college,"40,000 - 49,999",Atheist,Male,36,No,White
254,Conservative,Professional degree,"90,000 - 99,999",Atheist,Female,68,No,White
255,Liberal,Professional degree,"70,000 - 79,999",Atheist,Female,46,No,White
256,Liberal,Four-year college degree,"70,000 - 79,999",No religion,Female,70,No,White
257,conservative,Four-year college degree,"50,000 - 59,999",Protestant,Female,51,Yes,Hispanic
258,Conservative,Some college,"30,000 - 39,999",Mormon,Male,73,No,White
259,Liberal,Two-year college degree,"50,000 - 59,999",Atheist,Female,59,No,White
260,Liberal,Doctorate,"70,000 - 79,999",Catholic,Male,31,No,White
261,Liberal,Professional degree,"40,000 - 49,999",No religion,Female,49,No,Black or African American
262,Neutral,High school graduate,"80,000 - 89,999",Protestant,Male,64,No,White
263,Conservative,Four-year college degree,"80,000 - 89,999",Protestant,Female,52,No,White
264,Liberal,High school graduate,"20,000 - 29,999",Catholic,Female,48,No,White
265,Neutral,Four-year college degree,"Less than 10,000",Protestant,Female,51,No,White
266,Liberal,High school graduate,"50,000 - 59,999",Jewish,Female,72,No,White
267,Conservative,High school graduate,"40,000 - 49,999",Catholic,Female,57,No,White
268,conservative,Two-year college degree,"90,000 - 99,999",Protestant,Male,68,No,White
269,Neutral,Two-year college degree,"40,000 - 49,999",Jewish,Female,65,No,White
270,Liberal,Doctorate,"90,000 - 99,999",Agnostic,Male,36,No,White
271,Liberal,Two-year college degree,"70,000 - 79,999",No religion,Female,79,No,White
272,Liberal,Professional degree,"100,000 - 149,999",Agnostic,Female,71,No,White
273,conservative,Four-year college degree,"20,000 - 29,999",Protestant,Female,70,No,White
274,Conservative,Four-year college degree,"60,000 - 69,999",Protestant,Male,68,No,White
275,Liberal,Less than high school,"70,000 - 79,999",No religion,Male,60,No,White
276,Liberal,Four-year college degree,"30,000 - 39,999",Protestant,Female,70,No,White
277,Conservative,High school graduate,"20,000 - 29,999",Agnostic,Male,70,No,White
278,Neutral,Some college,"30,000 - 39,999",Catholic,Female,74,No,White
279,Neutral,Doctorate,"90,000 - 99,999",Protestant,Female,63,No,White
280,Liberal,Professional degree,"100,000 - 149,999",Protestant,Male,69,No,White
281,Neutral,Some college,"60,000 - 69,999",No religion,Female,47,No,White
282,conservative,Some college,"50,000 - 59,999",Protestant,Female,41,No,White
283,Liberal,High school graduate,"60,000 - 69,999",Jewish,Female,74,No,White
284,Liberal,Four-year college degree,"30,000 - 39,999",Protestant,Male,67,No,White
285,Liberal,High school graduate,"40,000 - 49,999",Protestant,Female,75,No,White
286,Conservative,Professional degree,"50,000 - 59,999",Catholic,Male,67,No,White
287,Neutral,Some college,"90,000 - 99,999",No religion,Male,59,No,Asian
288,Conservative,Some college,"70,000 - 79,999",Catholic,Male,35,No,White
289,Conservative,Some college,"100,000 - 149,999",Catholic,Female,62,No,White
290,Neutral,Some college,"60,000 - 69,999",No religion,Female,27,No,Black or African American
291,Conservative,Professional degree,"100,000 - 149,999",Protestant,Male,65,No,White
292,conservative,Professional degree,"More than 150,000",Muslim,Male,42,No,White
293,Neutral,Two-year college degree,"20,000 - 29,999",Agnostic,Female,74,No,White
294,conservative,Two-year college degree,"70,000 - 79,999",Protestant,Male,68,No,White
295,Conservative,High school graduate,"20,000 - 29,999",Catholic,Female,73,No,White
296,conservative,Professional degree,"80,000 - 89,999",Protestant,Female,69,No,White
297,Liberal,High school graduate,"50,000 - 59,999",Protestant,Female,68,No,White
298,Neutral,Four-year college degree,"50,000 - 59,999",Protestant,Female,25,No,White
299,Liberal,Professional degree,"70,000 - 79,999",Protestant,Male,67,No,White
300,Neutral,Some college,"More than 150,000",Catholic,Female,18,No,White
301,Conservative,Two-year college degree,"70,000 - 79,999",Catholic,Male,59,No,White
302,Liberal,Four-year college degree,"100,000 - 149,999",No religion,Male,71,No,White
303,Conservative,Some college,"40,000 - 49,999",No religion,Female,68,No,White
304,Neutral,High school graduate,"30,000 - 39,999",Catholic,Female,61,No,White
305,Liberal,Some college,"100,000 - 149,999",Protestant,Male,73,Yes,Hispanic
306,Liberal,Four-year college degree,"40,000 - 49,999",Catholic,Male,52,No,White
307,Conservative,Four-year college degree,"100,000 - 149,999",Protestant,Female,49,No,White
308,Neutral,High school graduate,"Less than 10,000",Agnostic,Male,29,No,White
309,Conservative,Professional degree,"More than 150,000",No religion,Male,51,No,White
310,Conservative,Some college,"40,000 - 49,999",No religion,Female,39,No,White
311,conservative,High school graduate,"20,000 - 29,999",No religion,Female,43,No,White
312,Liberal,Some college,"10,000 - 19,999",No religion,Female,24,No,Black or African American
313,Neutral,Two-year college degree,"40,000 - 49,999",Protestant,Female,43,No,White
314,Neutral,Professional degree,"30,000 - 39,999",Protestant,Female,60,No,Asian
315,Liberal,Doctorate,"40,000 - 49,999",No religion,Female,29,No,White
316,Conservative,Four-year college degree,"50,000 - 59,999",Protestant,Female,34,No,White
317,Liberal,Some college,"40,000 - 49,999",No religion,Female,32,No,White
318,Neutral,Four-year college degree,"80,000 - 89,999",Jewish,Female,38,No,White
319,Conservative,High school graduate,"50,000 - 59,999",Protestant,Female,30,No,White
320,Liberal,Professional degree,"40,000 - 49,999",Catholic,Female,39,No,White
321,conservative,Professional degree,"10,000 - 19,999",Protestant,Female,51,No,White
322,Liberal,Professional degree,"60,000 - 69,999",Catholic,Female,41,Yes,Hispanic
323,Liberal,Some college,"20,000 - 29,999",Protestant,Female,27,No,White
324,Liberal,Four-year college degree,"10,000 - 19,999",No religion,Male,50,No,Asian
325,Conservative,Some college,"100,000 - 149,999",No religion,Female,39,No,White
326,Liberal,High school graduate,"90,000 - 99,999",Catholic,Female,43,No,White
327,Liberal,Professional degree,"100,000 - 149,999",Protestant,Female,40,No,Black or African American
328,Liberal,Four-year college degree,"More than 150,000",No religion,Female,23,No,White
329,Liberal,Four-year college degree,"30,000 - 39,999",Agnostic,Male,40,No,White
330,Neutral,Some college,"50,000 - 59,999",Catholic,Female,28,Yes,Hispanic
331,Neutral,Professional degree,"100,000 - 149,999",Catholic,Male,38,No,White
332,Liberal,Four-year college degree,"100,000 - 149,999",No religion,Female,46,No,White
333,Liberal,Professional degree,"90,000 - 99,999",Protestant,Female,73,No,White
334,Conservative,Four-year college degree,"20,000 - 29,999",Protestant,Male,40,No,White
335,Neutral,Four-year college degree,"80,000 - 89,999",Catholic,Female,32,No,White
336,Conservative,Two-year college degree,"50,000 - 59,999",Catholic,Female,69,No,White
337,Conservative,Professional degree,"70,000 - 79,999",Agnostic,Female,47,No,American Indian or Alaska Native
338,Neutral,High school graduate,"Less than 10,000",No religion,Male,25,No,White
339,Conservative,Some college,"50,000 - 59,999",Catholic,Female,28,Yes,Hispanic
340,Neutral,Some college,"20,000 - 29,999",Protestant,Female,50,No,White
341,Neutral,Professional degree,"More than 150,000",No religion,Male,39,No,Other
342,Neutral,Four-year college degree,"100,000 - 149,999",Protestant,Female,36,No,White
343,Conservative,Some college,"70,000 - 79,999",Protestant,Female,47,No,White
344,Liberal,Some college,"100,000 - 149,999",Protestant,Female,27,Yes,Hispanic
345,Liberal,High school graduate,"90,000 - 99,999",Catholic,Male,50,No,White
346,Conservative,Four-year college degree,"100,000 - 149,999",Catholic,Male,33,No,White
347,Neutral,Two-year college degree,"100,000 - 149,999",Catholic,Female,45,No,White
348,Neutral,Some college,"30,000 - 39,999",Protestant,Female,52,No,White
349,conservative,Doctorate,"100,000 - 149,999",Protestant,Female,53,No,White
350,conservative,Some college,"10,000 - 19,999",Protestant,Female,59,No,White
351,Neutral,Two-year college degree,"20,000 - 29,999",No religion,Female,25,No,White
352,Liberal,High school graduate,"10,000 - 19,999",Protestant,Female,47,No,Black or African American
353,Liberal,Less than high school,"40,000 - 49,999",No religion,Male,46,No,Black or African American
354,Conservative,Four-year college degree,"40,000 - 49,999",Protestant,Male,27,No,White
355,Neutral,Professional degree,"90,000 - 99,999",Protestant,Female,39,No,White
356,Liberal,Four-year college degree,"30,000 - 39,999",Catholic,Female,53,No,White
357,Conservative,High school graduate,"70,000 - 79,999",Protestant,Male,61,No,White
358,Liberal,High school graduate,"Less than 10,000",Catholic,Female,50,Yes,Hispanic
359,Liberal,Four-year college degree,"100,000 - 149,999",No religion,Male,52,No,White
360,Liberal,Four-year college degree,"More than 150,000",Agnostic,Male,63,No,White
361,conservative,High school graduate,"60,000 - 69,999",Catholic,Male,60,No,White
362,Conservative,Some college,"40,000 - 49,999",No religion,Male,39,No,White
363,Liberal,Four-year college degree,"More than 150,000",Jewish,Male,79,No,White
364,Liberal,Two-year college degree,"30,000 - 39,999",Atheist,Female,30,No,White
365,Neutral,Some college,"30,000 - 39,999",No religion,Female,33,No,White
366,Neutral,Four-year college degree,"Less than 10,000",Protestant,Female,52,No,White
367,Conservative,Some college,"40,000 - 49,999",Catholic,Female,54,No,White
368,conservative,Doctorate,"20,000 - 29,999",Protestant,Male,40,No,White
369,Liberal,Some college,"90,000 - 99,999",No religion,Male,35,No,Asian
370,Neutral,Some college,"40,000 - 49,999",Mormon,Female,21,No,White
371,Liberal,Professional degree,"50,000 - 59,999",No religion,Female,35,No,White
372,conservative,High school graduate,"10,000 - 19,999",Protestant,Male,47,No,White
373,Liberal,Four-year college degree,"20,000 - 29,999",Catholic,Female,31,Yes,Hispanic
374,Neutral,Some college,"50,000 - 59,999",Catholic,Female,51,Yes,Hispanic
375,Liberal,Four-year college degree,"50,000 - 59,999",Protestant,Female,25,No,Asian
376,conservative,Four-year college degree,"100,000 - 149,999",Catholic,Male,51,No,White
377,Liberal,Four-year college degree,"40,000 - 49,999",Agnostic,Female,43,No,White
378,Neutral,Two-year college degree,"20,000 - 29,999",Catholic,Female,21,No,Black or African American
379,Conservative,Some college,"50,000 - 59,999",No religion,Male,53,No,White
380,Liberal,Professional degree,"50,000 - 59,999",Atheist,Female,39,No,White
381,Liberal,High school graduate,"Less than 10,000",Mormon,Male,28,No,White
382,Liberal,Four-year college degree,"10,000 - 19,999",No religion,Female,23,No,White
383,Liberal,Two-year college degree,"60,000 - 69,999",Catholic,Female,30,Yes,Hispanic
384,Liberal,Some college,"Less than 10,000",No religion,Male,19,Yes,Hispanic
385,Liberal,Some college,"Less than 10,000",No religion,Male,32,No,White
386,Liberal,Professional degree,"40,000 - 49,999",No religion,Female,40,No,Black or African American
387,Liberal,Four-year college degree,"40,000 - 49,999",No religion,Female,50,No,White
388,Liberal,Some college,"30,000 - 39,999",No religion,Female,52,No,Black or African American
389,Conservative,Four-year college degree,"30,000 - 39,999",Protestant,Female,34,Yes,Hispanic
390,Neutral,Some college,"10,000 - 19,999",Agnostic,Male,50,No,White
391,Conservative,Four-year college degree,"40,000 - 49,999",Catholic,Male,35,No,White
392,Conservative,Four-year college degree,"50,000 - 59,999",Catholic,Female,54,No,White
393,Conservative,Some college,"Less than 10,000",Protestant,Female,53,No,White
394,Liberal,Four-year college degree,"80,000 - 89,999",Catholic,Male,36,No,White
395,Neutral,Two-year college degree,"60,000 - 69,999",Catholic,Male,35,No,White
396,Conservative,Some college,"30,000 - 39,999",Catholic,Female,29,No,White
397,Neutral,Four-year college degree,"10,000 - 19,999",Catholic,Male,48,No,White
398,Liberal,Professional degree,"90,000 - 99,999",Agnostic,Female,38,No,White
399,Liberal,Professional degree,"100,000 - 149,999",Protestant,Female,35,No,Black or African American
400,Liberal,Professional degree,"40,000 - 49,999",Protestant,Female,45,No,Black or African American
401,Liberal,Some college,"10,000 - 19,999",Catholic,Female,25,Yes,Hispanic
402,Conservative,Some college,"100,000 - 149,999",Catholic,Male,45,No,White
403,Neutral,Four-year college degree,"100,000 - 149,999",No religion,Male,37,No,White
404,Liberal,Four-year college degree,"40,000 - 49,999",Catholic,Female,44,No,White
405,Neutral,High school graduate,"50,000 - 59,999",Catholic,Female,30,No,White
406,Liberal,Professional degree,"30,000 - 39,999",No religion,Female,25,No,White
407,Neutral,High school graduate,"30,000 - 39,999",Protestant,Male,40,No,White
408,Conservative,Four-year college degree,"20,000 - 29,999",Protestant,Female,34,No,White
409,Liberal,Professional degree,"70,000 - 79,999",Jewish,Male,41,No,White
410,Neutral,Some college,"Less than 10,000",Protestant,Male,21,No,White
411,Liberal,Some college,"100,000 - 149,999",Catholic,Female,18,No,White
412,Liberal,Two-year college degree,"10,000 - 19,999",No religion,Female,54,No,White
413,Liberal,Four-year college degree,"100,000 - 149,999",Atheist,Female,23,No,White
414,Conservative,Some college,"40,000 - 49,999",Protestant,Female,54,No,White
415,Conservative,Some college,"70,000 - 79,999",Protestant,Female,18,No,White
416,Liberal,Four-year college degree,"50,000 - 59,999",Atheist,Female,35,No,White
417,Liberal,High school graduate,"10,000 - 19,999",No religion,Female,69,No,White
418,Liberal,High school graduate,"50,000 - 59,999",No religion,Female,25,No,Other
419,Conservative,Some college,"Less than 10,000",Agnostic,Male,55,No,White
420,conservative,Some college,"Less than 10,000",Protestant,Female,64,No,White
421,Neutral,Some college,"Less than 10,000",Catholic,Female,36,No,White
422,Conservative,Some college,"100,000 - 149,999",Catholic,Male,27,No,White
423,Liberal,Four-year college degree,"40,000 - 49,999",Agnostic,Male,23,Yes,Hispanic
424,Liberal,Doctorate,"40,000 - 49,999",No religion,Female,25,No,Asian
425,Conservative,High school graduate,"60,000 - 69,999",Protestant,Male,65,No,White
426,Liberal,Some college,"10,000 - 19,999",No religion,Male,54,No,Black or African American
427,conservative,Some college,"50,000 - 59,999",Agnostic,Male,28,No,White
428,Neutral,Two-year college degree,"80,000 - 89,999",Catholic,Male,45,No,White
429,Liberal,Four-year college degree,"80,000 - 89,999",Jewish,Female,26,No,White
430,Liberal,Professional degree,"100,000 - 149,999",Catholic,Female,40,No,White
431,Liberal,Two-year college degree,"Less than 10,000",Protestant,Male,68,No,White
432,Conservative,High school graduate,"30,000 - 39,999",Protestant,Male,70,No,White
433,conservative,High school graduate,"30,000 - 39,999",Protestant,Male,64,No,White
434,Conservative,Some college,"Less than 10,000",No religion,Male,28,No,Black or African American
435,Liberal,Professional degree,"100,000 - 149,999",Catholic,Male,43,No,White
436,Neutral,Doctorate,"100,000 - 149,999",Catholic,Male,60,No,White
437,Conservative,Some college,"30,000 - 39,999",Protestant,Male,61,No,White
438,Liberal,Four-year college degree,"70,000 - 79,999",Catholic,Male,64,No,White
439,Neutral,Some college,"Less than 10,000",No religion,Female,21,No,White
440,conservative,High school graduate,"50,000 - 59,999",Protestant,Male,53,No,White
441,Liberal,Professional degree,"70,000 - 79,999",Protestant,Female,50,No,Black or African American
442,Neutral,Four-year college degree,"Less than 10,000",Protestant,Male,60,No,White
443,Liberal,Four-year college degree,"More than 150,000",Agnostic,Male,72,No,White
444,Conservative,Some college,"10,000 - 19,999",Protestant,Male,56,No,White
445,Neutral,Some college,"100,000 - 149,999",Catholic,Male,70,No,White
446,conservative,Four-year college degree,"30,000 - 39,999",Catholic,Male,69,No,White
447,Conservative,Some college,"30,000 - 39,999",No religion,Male,32,Yes,Hispanic
448,Conservative,Some college,"60,000 - 69,999",Protestant,Female,50,No,White
449,Conservative,Professional degree,"50,000 - 59,999",Catholic,Male,62,No,White
450,conservative,Professional degree,"60,000 - 69,999",Protestant,Male,69,No,White
451,conservative,Two-year college degree,"20,000 - 29,999",Catholic,Male,64,No,White
452,Liberal,Four-year college degree,"30,000 - 39,999",Catholic,Male,68,No,White
453,Conservative,Four-year college degree,"70,000 - 79,999",No religion,Male,63,No,White
454,Neutral,Some college,"90,000 - 99,999",Catholic,Female,33,No,White
455,Neutral,High school graduate,"20,000 - 29,999",No religion,Female,21,No,White
456,Neutral,High school graduate,"70,000 - 79,999",Catholic,Male,57,No,White
457,Liberal,Two-year college degree,"20,000 - 29,999",No religion,Male,73,No,Black or African American
458,Neutral,Four-year college degree,"More than 150,000",Atheist,Male,56,No,White
459,Liberal,Doctorate,"50,000 - 59,999",Protestant,Male,66,No,Black or African American
460,conservative,Professional degree,"80,000 - 89,999",Protestant,Male,69,No,White
461,Liberal,Four-year college degree,"60,000 - 69,999",No religion,Female,52,No,White
462,conservative,Four-year college degree,"30,000 - 39,999",Protestant,Male,72,No,White
463,Conservative,Four-year college degree,"100,000 - 149,999",Protestant,Male,74,No,White
464,Neutral,Four-year college degree,"50,000 - 59,999",Agnostic,Male,73,No,White
465,Conservative,High school graduate,"90,000 - 99,999",Protestant,Male,68,No,White
466,Conservative,Some college,"40,000 - 49,999",Protestant,Male,64,No,White
467,conservative,Doctorate,"100,000 - 149,999",Jewish,Male,46,No,White
468,Liberal,Four-year college degree,"80,000 - 89,999",Protestant,Male,59,Yes,Hispanic
469,Liberal,Some college,"20,000 - 29,999",Atheist,Male,70,No,White
470,Liberal,High school graduate,"10,000 - 19,999",No religion,Male,69,No,Black or African American
471,Neutral,Some college,"30,000 - 39,999",Agnostic,Male,60,No,White
472,Neutral,Less than high school,"10,000 - 19,999",Protestant,Male,68,Yes,Hispanic
473,Liberal,Four-year college degree,"Less than 10,000",Jewish,Male,56,No,White
474,Neutral,Some college,"50,000 - 59,999",Protestant,Male,48,No,Black or African American
475,Liberal,Professional degree,"70,000 - 79,999",Catholic,Male,49,No,White
476,Conservative,High school graduate,"20,000 - 29,999",Catholic,Male,77,No,White
477,Neutral,Four-year college degree,"70,000 - 79,999",No religion,Male,51,No,White
478,conservative,Doctorate,"90,000 - 99,999",Catholic,Male,78,No,White
479,Liberal,Professional degree,"70,000 - 79,999",Agnostic,Female,33,No,White
480,Liberal,Two-year college degree,"Less than 10,000",Atheist,Male,61,Yes,Hispanic
481,Liberal,Some college,"10,000 - 19,999",Atheist,Male,69,No,White
482,Liberal,Two-year college degree,"100,000 - 149,999",Protestant,Male,52,No,White
483,Liberal,Some college,"100,000 - 149,999",No religion,Male,18,No,White
484,Neutral,High school graduate,"40,000 - 49,999",No religion,Male,42,No,White
485,Liberal,Professional degree,"100,000 - 149,999",Protestant,Female,54,No,Black or African American
486,conservative,Four-year college degree,"20,000 - 29,999",Catholic,Male,72,No,White
487,Conservative,Four-year college degree,"100,000 - 149,999",Catholic,Male,47,Yes,Hispanic
488,Neutral,Some college,"40,000 - 49,999",Protestant,Male,69,No,White
489,Neutral,Some college,"100,000 - 149,999",Catholic,Male,19,Yes,Hispanic
490,Neutral,Two-year college degree,"40,000 - 49,999",Protestant,Male,51,No,White
491,Conservative,Four-year college degree,"100,000 - 149,999",Catholic,Male,76,No,White
492,Neutral,Some college,"20,000 - 29,999",Agnostic,Male,64,No,White
493,conservative,Some college,"20,000 - 29,999",Protestant,Male,76,No,White
494,Neutral,Two-year college degree,"60,000 - 69,999",Catholic,Male,76,No,White
495,Conservative,Four-year college degree,"60,000 - 69,999",Protestant,Male,52,No,White
496,Liberal,Four-year college degree,"90,000 - 99,999",Protestant,Male,71,No,White
497,Conservative,High school graduate,"30,000 - 39,999",Catholic,Female,52,No,White
498,Liberal,Four-year college degree,"80,000 - 89,999",No religion,Female,27,No,White
499,Conservative,Professional degree,"90,000 - 99,999",Catholic,Male,68,No,White
500,conservative,High school graduate,"Less than 10,000",Agnostic,Female,40,No,White
501,conservative,Two-year college degree,"30,000 - 39,999",Agnostic,Male,72,No,White
502,Neutral,Four-year college degree,"40,000 - 49,999",Catholic,Male,26,No,White
503,Conservative,Two-year college degree,"80,000 - 89,999",Catholic,Male,68,No,White
504,Neutral,Doctorate,"100,000 - 149,999",Catholic,Female,45,No,White
505,Liberal,Four-year college degree,"80,000 - 89,999",Protestant,Male,73,No,White
506,Liberal,Professional degree,"100,000 - 149,999",Catholic,Male,59,No,White
507,Liberal,Professional degree,"Less than 10,000",Protestant,Male,46,No,White
508,conservative,Professional degree,"100,000 - 149,999",Protestant,Male,62,No,White
509,Neutral,Doctorate,"70,000 - 79,999",Protestant,Male,78,No,Black or African American
510,Conservative,Doctorate,"100,000 - 149,999",Catholic,Female,36,No,White
511,Neutral,Some college,"50,000 - 59,999",Agnostic,Female,25,Yes,Hispanic
512,conservative,Professional degree,"Less than 10,000",Catholic,Female,29,Yes,Hispanic
513,Liberal,Professional degree,"90,000 - 99,999",Atheist,Male,34,No,White
514,Liberal,Some college,"50,000 - 59,999",Catholic,Male,58,Yes,Hispanic
515,Conservative,Professional degree,"40,000 - 49,999",Protestant,Male,65,No,White
516,Neutral,High school graduate,"30,000 - 39,999",Protestant,Male,63,No,White
517,Neutral,Four-year college degree,"30,000 - 39,999",Catholic,Male,67,No,White
518,Liberal,High school graduate,"80,000 - 89,999",No religion,Female,46,No,White
519,Neutral,High school graduate,"30,000 - 39,999",No religion,Female,43,No,White
520,conservative,Four-year college degree,"30,000 - 39,999",Protestant,Male,69,No,White
521,Liberal,Some college,"30,000 - 39,999",Protestant,Male,75,No,Black or African American
522,Liberal,High school graduate,"30,000 - 39,999",Protestant,Male,71,No,White
523,Liberal,Some college,"90,000 - 99,999",Catholic,Male,65,No,White
524,Neutral,Two-year college degree,"90,000 - 99,999",Catholic,Male,69,No,White
525,Neutral,Professional degree,"100,000 - 149,999",Mormon,Male,69,No,White
526,Neutral,Four-year college degree,"40,000 - 49,999",Catholic,Male,69,No,White
527,Neutral,Some college,"30,000 - 39,999",No religion,Male,61,No,White
528,Conservative,Four-year college degree,"60,000 - 69,999",No religion,Male,40,Yes,Hispanic
529,conservative,Two-year college degree,"100,000 - 149,999",Catholic,Male,73,No,White
530,Liberal,Doctorate,"20,000 - 29,999",Protestant,Male,63,No,White
531,Conservative,Professional degree,"30,000 - 39,999",Catholic,Male,71,No,White
532,Conservative,Two-year college degree,"70,000 - 79,999",Protestant,Female,51,No,White
533,Neutral,High school graduate,"Less than 10,000",No religion,Male,28,No,White
534,Liberal,Some college,"70,000 - 79,999",Catholic,Female,20,No,White
535,Neutral,Four-year college degree,"40,000 - 49,999",Catholic,Male,64,Yes,Hispanic
536,conservative,Doctorate,"More than 150,000",Catholic,Male,37,No,White
537,conservative,Some college,"40,000 - 49,999",Agnostic,Male,53,No,White
538,Conservative,Four-year college degree,"More than 150,000",Catholic,Male,30,No,White
539,conservative,Less than high school,"10,000 - 19,999",Protestant,Male,58,No,White
540,Liberal,Four-year college degree,"70,000 - 79,999",No religion,Male,62,No,White
541,Neutral,Four-year college degree,"90,000 - 99,999",Protestant,Male,76,No,White
542,Liberal,Four-year college degree,"90,000 - 99,999",No religion,Male,47,No,White
543,Liberal,High school graduate,"20,000 - 29,999",Catholic,Male,47,No,White
544,Conservative,Four-year college degree,"30,000 - 39,999",Catholic,Female,18,Yes,Hispanic
545,Neutral,Less than high school,"Less than 10,000",No religion,Male,37,No,Other
546,Conservative,Some college,"20,000 - 29,999",Protestant,Female,71,No,White
547,Liberal,Professional degree,"70,000 - 79,999",Catholic,Male,36,No,White
548,Neutral,Two-year college degree,"50,000 - 59,999",No religion,Female,36,No,White
549,Conservative,Some college,"50,000 - 59,999",Protestant,Female,71,No,White
550,conservative,Some college,"60,000 - 69,999",Protestant,Female,76,No,White
551,Conservative,Professional degree,"10,000 - 19,999",Catholic,Female,66,No,White
552,Conservative,Professional degree,"10,000 - 19,999",No religion,Female,67,No,White
553,Neutral,Two-year college degree,"100,000 - 149,999",Protestant,Female,51,No,White
554,Conservative,Two-year college degree,"30,000 - 39,999",Protestant,Male,32,No,White
555,Conservative,Some college,"50,000 - 59,999",Agnostic,Male,39,No,White
556,Conservative,Professional degree,"60,000 - 69,999",Protestant,Male,51,No,White
557,Conservative,High school graduate,"60,000 - 69,999",Protestant,Male,77,No,White
558,Liberal,Four-year college degree,"100,000 - 149,999",Atheist,Male,42,No,Asian
559,Conservative,Some college,"30,000 - 39,999",Protestant,Female,77,No,White
560,Neutral,Some college,"40,000 - 49,999",Catholic,Female,20,No,White
561,Conservative,Four-year college degree,"100,000 - 149,999",Catholic,Male,40,No,White
562,Neutral,Professional degree,"Less than 10,000",Catholic,Female,25,Yes,Hispanic
563,Neutral,Four-year college degree,"100,000 - 149,999",Catholic,Female,33,No,White
564,Neutral,Some college,"100,000 - 149,999",Muslim,Male,44,No,White
565,conservative,Four-year college degree,"10,000 - 19,999",Catholic,Male,34,No,White
566,conservative,Some college,"30,000 - 39,999",Protestant,Male,80,No,White
567,Neutral,Four-year college degree,"100,000 - 149,999",Catholic,Male,30,No,White
568,Liberal,Two-year college degree,"10,000 - 19,999",Atheist,Male,51,Yes,Hispanic
569,Liberal,Less than high school,"Less than 10,000",No religion,Female,19,No,White
570,Liberal,Some college,"100,000 - 149,999",Muslim,Male,28,No,White
571,Liberal,Some college,"100,000 - 149,999",Catholic,Female,38,Yes,Hispanic
572,Liberal,Four-year college degree,"100,000 - 149,999",Catholic,Male,30,No,White
573,Neutral,Four-year college degree,"100,000 - 149,999",Muslim,Male,31,No,White
574,Neutral,Four-year college degree,"More than 150,000",Protestant,Male,38,No,White
575,Neutral,Four-year college degree,"100,000 - 149,999",Protestant,Male,37,No,White
576,Liberal,Four-year college degree,"60,000 - 69,999",Catholic,Female,30,Yes,Hispanic
577,conservative,Four-year college degree,"100,000 - 149,999",Catholic,Female,41,No,White
578,Neutral,Professional degree,"100,000 - 149,999",Protestant,Male,35,No,White
579,conservative,High school graduate,"100,000 - 149,999",Protestant,Male,37,No,White
580,Neutral,High school graduate,"100,000 - 149,999",Catholic,Female,33,No,White
581,Liberal,Four-year college degree,"More than 150,000",Catholic,Male,38,No,White
582,Liberal,Four-year college degree,"100,000 - 149,999",Catholic,Male,36,No,White
583,Liberal,Some college,"100,000 - 149,999",Catholic,Male,34,No,White
584,Neutral,Four-year college degree,"100,000 - 149,999",Catholic,Male,37,No,White
585,Liberal,Four-year college degree,"100,000 - 149,999",Catholic,Male,41,No,White
586,Liberal,Four-year college degree,"100,000 - 149,999",Catholic,Male,36,No,White
587,Neutral,Some college,"100,000 - 149,999",Catholic,Male,50,No,White
588,conservative,High school graduate,"100,000 - 149,999",Catholic,Male,36,No,White
589,Conservative,Four-year college degree,"100,000 - 149,999",Protestant,Male,34,No,White
590,Liberal,Professional degree,"70,000 - 79,999",Catholic,Male,35,No,White
591,Liberal,Professional degree,"100,000 - 149,999",Catholic,Male,41,No,White
592,Neutral,Some college,"90,000 - 99,999",No religion,Male,44,No,White
593,Neutral,Some college,"100,000 - 149,999",Catholic,Female,36,No,White
594,Conservative,Some college,"100,000 - 149,999",Catholic,Male,41,No,White
595,Liberal,Four-year college degree,"100,000 - 149,999",Catholic,Male,42,No,White
596,Neutral,Some college,"More than 150,000",Muslim,Male,36,No,White
597,Liberal,Some college,"100,000 - 149,999",Muslim,Male,33,Yes,Hispanic
598,Liberal,Four-year college degree,"100,000 - 149,999",Catholic,Male,31,No,White
599,Neutral,Some college,"100,000 - 149,999",Muslim,Male,32,Yes,Hispanic
600,Neutral,Some college,"100,000 - 149,999",Catholic,Female,37,No,White
601,conservative,Some college,"100,000 - 149,999",Catholic,Male,26,No,White
602,Neutral,Four-year college degree,"90,000 - 99,999",Catholic,Male,32,No,White
603,Liberal,Four-year college degree,"100,000 - 149,999",Catholic,Male,41,No,White
604,Neutral,Four-year college degree,"100,000 - 149,999",Catholic,Male,40,No,White
605,Liberal,Four-year college degree,"60,000 - 69,999",Catholic,Male,34,No,White
606,Liberal,Professional degree,"100,000 - 149,999",Catholic,Male,40,No,White
607,conservative,High school graduate,"100,000 - 149,999",Catholic,Male,37,No,White
608,Liberal,Four-year college degree,"100,000 - 149,999",Catholic,Male,38,No,White
609,Conservative,High school graduate,"30,000 - 39,999",Catholic,Female,20,No,White
610,Liberal,Some college,"100,000 - 149,999",Catholic,Male,43,Yes,Hispanic
611,Liberal,Four-year college degree,"100,000 - 149,999",Catholic,Female,29,Yes,Hispanic
612,Neutral,Some college,"100,000 - 149,999",Catholic,Female,45,No,White
613,Neutral,Professional degree,"More than 150,000",Catholic,Male,37,No,White
614,Neutral,Four-year college degree,"100,000 - 149,999",Catholic,Male,40,No,White
615,conservative,Some college,"100,000 - 149,999",Catholic,Male,36,No,White
616,conservative,High school graduate,"100,000 - 149,999",Catholic,Male,35,Yes,Hispanic
617,Liberal,Four-year college degree,"100,000 - 149,999",Catholic,Male,33,No,White
618,Liberal,Doctorate,"More than 150,000",Catholic,Male,34,No,White
619,Liberal,Four-year college degree,"100,000 - 149,999",No religion,Female,22,No,White
620,Neutral,Four-year college degree,"100,000 - 149,999",Catholic,Male,32,No,White
621,Liberal,Four-year college degree,"More than 150,000",Catholic,Male,41,No,White
622,conservative,Some college,"100,000 - 149,999",Catholic,Male,35,No,White
623,Neutral,Four-year college degree,"100,000 - 149,999",Catholic,Male,35,No,White
624,Liberal,Four-year college degree,"100,000 - 149,999",Catholic,Male,36,No,White
625,Neutral,Some college,"100,000 - 149,999",Catholic,Male,33,No,White
626,Liberal,Four-year college degree,"100,000 - 149,999",Protestant,Female,27,No,White
627,Liberal,Four-year college degree,"100,000 - 149,999",Protestant,Female,27,No,White
628,Liberal,Four-year college degree,"100,000 - 149,999",Catholic,Male,34,No,White
629,Neutral,Four-year college degree,"100,000 - 149,999",Mormon,Male,33,No,White
630,Liberal,Some college,"80,000 - 89,999",Protestant,Male,33,No,White
631,Liberal,High school graduate,"10,000 - 19,999",No religion,Female,19,No,White
632,Liberal,Some college,"20,000 - 29,999",No religion,Female,21,No,White
633,Liberal,Some college,"70,000 - 79,999",Atheist,Female,33,No,White
634,Liberal,Doctorate,"100,000 - 149,999",Protestant,Male,39,No,White
635,Conservative,Four-year college degree,"100,000 - 149,999",Protestant,Female,29,No,White
636,Neutral,Less than high school,"20,000 - 29,999",Agnostic,Female,18,No,Other
637,Neutral,Four-year college degree,"100,000 - 149,999",Atheist,Male,41,No,White
638,Neutral,Four-year college degree,"100,000 - 149,999",Protestant,Male,34,No,White
639,Neutral,Four-year college degree,"100,000 - 149,999",Protestant,Male,37,No,White
640,Neutral,Professional degree,"90,000 - 99,999",Protestant,Male,42,No,White
641,Neutral,Some college,"40,000 - 49,999",No religion,Female,28,No,Black or African American
642,Conservative,Two-year college degree,"10,000 - 19,999",Protestant,Female,30,No,White
643,Neutral,Two-year college degree,"More than 150,000",Mormon,Female,20,No,White
644,Conservative,Four-year college degree,"50,000 - 59,999",No religion,Male,41,No,White
645,Liberal,Some college,"Less than 10,000",No religion,Female,19,No,White
646,Neutral,Some college,"50,000 - 59,999",Protestant,Male,31,No,Other
647,Liberal,Professional degree,"20,000 - 29,999",No religion,Male,54,No,White
648,Liberal,Some college,"50,000 - 59,999",No religion,Male,38,No,White
649,Neutral,High school graduate,"40,000 - 49,999",Protestant,Female,18,No,White
650,Neutral,High school graduate,"50,000 - 59,999",Protestant,Female,23,No,White
651,Liberal,Four-year college degree,"80,000 - 89,999",No religion,Female,33,No,White
652,Neutral,Some college,"100,000 - 149,999",Agnostic,Male,39,No,White
653,Neutral,Some college,"20,000 - 29,999",No religion,Male,42,No,White
654,Liberal,Professional degree,"70,000 - 79,999",Agnostic,Male,42,No,White
655,Liberal,Professional degree,"70,000 - 79,999",Atheist,Female,33,No,White
656,Neutral,Four-year college degree,"30,000 - 39,999",No religion,Female,24,No,White
657,Liberal,High school graduate,"Less than 10,000",No religion,Female,28,No,Black or African American
658,Conservative,Professional degree,"30,000 - 39,999",Protestant,Female,36,No,White
659,conservative,Two-year college degree,"80,000 - 89,999",Protestant,Female,47,No,White
660,Liberal,Four-year college degree,"20,000 - 29,999",Protestant,Female,29,No,White
661,Liberal,Some college,"20,000 - 29,999",Protestant,Female,53,No,Black or African American
662,Liberal,Four-year college degree,"Less than 10,000",No religion,Female,40,No,White
663,Liberal,Some college,"Less than 10,000",Agnostic,Female,21,Yes,Hispanic
664,Liberal,Professional degree,"100,000 - 149,999",Atheist,Female,24,No,White
665,Neutral,Some college,"20,000 - 29,999",Protestant,Female,19,No,White
666,Liberal,Professional degree,"50,000 - 59,999",Atheist,Female,25,No,Black or African American
667,Liberal,Four-year college degree,"20,000 - 29,999",Agnostic,Male,27292,Yes,Hispanic
668,Liberal,Four-year college degree,"100,000 - 149,999",No religion,Female,27,No,White
669,Liberal,Four-year college degree,"10,000 - 19,999",No religion,Female,26,No,White
670,Conservative,Four-year college degree,"50,000 - 59,999",Protestant,Male,35,No,White
671,Neutral,High school graduate,"20,000 - 29,999",No religion,Female,48,No,White
672,Liberal,Two-year college degree,"40,000 - 49,999",Agnostic,Female,28,Yes,Hispanic
673,Liberal,Two-year college degree,"100,000 - 149,999",No religion,Female,54,No,White
674,Liberal,High school graduate,"10,000 - 19,999",Protestant,Male,29,No,Black or African American
675,Liberal,Four-year college degree,"70,000 - 79,999",Protestant,Male,35,No,White
676,Liberal,Less than high school,"40,000 - 49,999",No religion,Female,24,Yes,Hispanic
677,conservative,Some college,"30,000 - 39,999",Protestant,Male,49,No,White
678,Conservative,Two-year college degree,"30,000 - 39,999",Protestant,Male,49,No,White
679,conservative,Two-year college degree,"30,000 - 39,999",Protestant,Male,35,No,White
680,Liberal,High school graduate,"10,000 - 19,999",Protestant,Female,19,No,White
681,Conservative,Some college,"10,000 - 19,999",Protestant,Male,38,No,Black or African American
682,Liberal,Four-year college degree,"30,000 - 39,999",Protestant,Female,40,No,White
683,Neutral,Two-year college degree,"60,000 - 69,999",Protestant,Female,39,No,White
684,Conservative,Two-year college degree,"10,000 - 19,999",Protestant,Female,47,No,Black or African American
685,Conservative,Four-year college degree,"100,000 - 149,999",Protestant,Male,49,No,White
686,conservative,Four-year college degree,"30,000 - 39,999",Protestant,Male,45,No,Black or African American
687,conservative,High school graduate,"40,000 - 49,999",Protestant,Female,52,No,White
688,Liberal,High school graduate,"20,000 - 29,999",No religion,Female,52,No,White
689,Conservative,High school graduate,"10,000 - 19,999",No religion,Female,28,No,Black or African American
690,Liberal,Four-year college degree,"Less than 10,000",No religion,Female,28,No,White
691,conservative,High school graduate,"40,000 - 49,999",Protestant,Male,50,No,White
692,Neutral,Less than high school,"Less than 10,000",No religion,Female,33,No,American Indian or Alaska Native
693,Liberal,Professional degree,"70,000 - 79,999",Agnostic,Male,54,No,White
694,Liberal,Two-year college degree,"20,000 - 29,999",Protestant,Female,50,No,Black or African American
695,Liberal,Four-year college degree,"20,000 - 29,999",Atheist,Male,52,Yes,Hispanic
696,conservative,Professional degree,"More than 150,000",Protestant,Male,54,No,White
697,Liberal,Some college,"More than 150,000",Agnostic,Female,20,Yes,Hispanic
698,Liberal,Four-year college degree,"40,000 - 49,999",Protestant,Female,23,No,White
699,Conservative,Some college,"90,000 - 99,999",Protestant,Female,47,No,White
700,Conservative,High school graduate,"40,000 - 49,999",Protestant,Male,49,No,White
701,conservative,High school graduate,"20,000 - 29,999",Protestant,Female,33,No,Asian
702,Liberal,Four-year college degree,"20,000 - 29,999",Protestant,Female,22,No,White
703,Neutral,Four-year college degree,"70,000 - 79,999",Protestant,Female,45,No,White
704,Liberal,Professional degree,"More than 150,000",No religion,Female,31,No,White
705,Conservative,Four-year college degree,"60,000 - 69,999",No religion,Female,23,No,White
706,Liberal,Some college,"40,000 - 49,999",Atheist,Female,29,No,White
707,Conservative,Four-year college degree,"60,000 - 69,999",Protestant,Female,35,No,White
708,Conservative,Some college,"90,000 - 99,999",Protestant,Male,53,No,White
709,Liberal,Four-year college degree,"20,000 - 29,999",Protestant,Female,50,No,White
710,Neutral,High school graduate,"10,000 - 19,999",No religion,Female,49,No,White
711,Neutral,Four-year college degree,"More than 150,000",Protestant,Female,47,No,White
712,Liberal,Four-year college degree,"30,000 - 39,999",Atheist,Female,25,No,White
713,Conservative,Four-year college degree,"100,000 - 149,999",Protestant,Male,47,No,White
714,Neutral,Some college,"10,000 - 19,999",Protestant,Female,44,No,White
715,Liberal,Four-year college degree,"10,000 - 19,999",Agnostic,Female,21,Yes,Hispanic
716,Liberal,Less than high school,"10,000 - 19,999",No religion,Male,49,No,White
717,Liberal,Four-year college degree,"100,000 - 149,999",No religion,Male,43,No,White
718,Neutral,High school graduate,"70,000 - 79,999",No religion,Male,36,No,Black or African American
719,Neutral,Four-year college degree,"60,000 - 69,999",Atheist,Female,28,No,Black or African American
720,Neutral,Some college,"20,000 - 29,999",Agnostic,Female,27,No,White
721,Liberal,Two-year college degree,"20,000 - 29,999",Agnostic,Male,34,No,White
722,Liberal,Four-year college degree,"30,000 - 39,999",No religion,Male,25,No,Black or African American
723,Conservative,Four-year college degree,"60,000 - 69,999",Protestant,Male,49,No,White
724,Neutral,High school graduate,"10,000 - 19,999",No religion,Male,32,No,White
725,Neutral,Professional degree,"100,000 - 149,999",Protestant,Male,34,No,White
726,Liberal,Some college,"50,000 - 59,999",Agnostic,Male,51,No,White
727,Neutral,High school graduate,"20,000 - 29,999",Agnostic,Male,36,No,Asian
728,Conservative,Some college,"70,000 - 79,999",Protestant,Male,53,No,White
729,Neutral,Professional degree,"80,000 - 89,999",Atheist,Male,21,No,White
730,conservative,Four-year college degree,"90,000 - 99,999",Atheist,Male,53,No,White
731,Conservative,Some college,"20,000 - 29,999",Protestant,Male,48,No,White
732,Conservative,Two-year college degree,"60,000 - 69,999",Protestant,Male,53,No,White
733,Liberal,Some college,"Less than 10,000",Protestant,Male,50,No,White
734,Conservative,Two-year college degree,"10,000 - 19,999",Protestant,Male,52,No,White
735,Conservative,Four-year college degree,"More than 150,000",Protestant,Male,48,No,White
736,Conservative,Doctorate,"More than 150,000",Protestant,Male,47,No,White
737,Neutral,Four-year college degree,"70,000 - 79,999",Protestant,Male,25,No,Black or African American
738,Liberal,Two-year college degree,"70,000 - 79,999",Protestant,Male,65,No,White
739,Neutral,High school graduate,"30,000 - 39,999",No religion,Female,24,No,Black or African American
740,Neutral,Less than high school,"Less than 10,000",No religion,Female,28,No,White
741,Liberal,Four-year college degree,"30,000 - 39,999",Atheist,Male,29,No,White
742,conservative,High school graduate,"30,000 - 39,999",Protestant,Male,45,No,White
743,Liberal,Two-year college degree,"40,000 - 49,999",No religion,Male,41,No,White
744,Liberal,Some college,"20,000 - 29,999",Atheist,Female,20,No,White
745,Liberal,Some college,"20,000 - 29,999",Atheist,Female,18,No,Asian
746,Conservative,Professional degree,"40,000 - 49,999",No religion,Male,40,No,White
747,Conservative,Professional degree,"More than 150,000",Protestant,Male,40,No,White
748,Neutral,Less than high school,"Less than 10,000",No religion,Male,37,No,Other
749,Neutral,High school graduate,"40,000 - 49,999",Atheist,Male,37,No,White
750,Liberal,Four-year college degree,"50,000 - 59,999",Agnostic,Male,47,No,White
751,Neutral,High school graduate,"70,000 - 79,999",Agnostic,Male,37,Yes,Hispanic
752,Neutral,Some college,"60,000 - 69,999",Protestant,Male,36,No,Black or African American
753,Neutral,Four-year college degree,"60,000 - 69,999",No religion,Male,50,No,White
754,Liberal,Some college,"50,000 - 59,999",No religion,Male,53,No,White
755,conservative,Some college,"80,000 - 89,999",Atheist,Male,35,No,White
756,Neutral,Professional degree,"More than 150,000",Agnostic,Male,36,No,White
757,Neutral,Four-year college degree,"80,000 - 89,999",Atheist,Male,60,No,White
758,Liberal,Some college,"60,000 - 69,999",No religion,Male,25,No,Asian
759,Liberal,Some college,"80,000 - 89,999",No religion,Male,49,No,White
760,Neutral,Two-year college degree,"30,000 - 39,999",Atheist,Male,34,No,White
761,Liberal,Some college,"10,000 - 19,999",Protestant,Male,19,No,White
762,Liberal,Some college,"40,000 - 49,999",Protestant,Male,34,No,White
763,Liberal,Four-year college degree,"Less than 10,000",Agnostic,Female,22,No,White
764,conservative,Some college,"Less than 10,000",Protestant,Male,50,No,White
765,Conservative,High school graduate,"10,000 - 19,999",Protestant,Male,23,No,White
766,Conservative,Four-year college degree,"70,000 - 79,999",No religion,Female,29,No,White
767,Conservative,Four-year college degree,"100,000 - 149,999",No religion,Female,25,No,White
768,Liberal,Some college,"30,000 - 39,999",No religion,Male,35,No,White
769,Liberal,Four-year college degree,"20,000 - 29,999",No religion,Male,25,No,Black or African American
770,Neutral,Professional degree,"80,000 - 89,999",No religion,Male,28,No,White
771,Liberal,Four-year college degree,"30,000 - 39,999",No religion,Male,31,Yes,Hispanic
772,Liberal,Some college,"40,000 - 49,999",Agnostic,Male,23,No,Asian
773,Conservative,Four-year college degree,"70,000 - 79,999",Mormon,Female,33,No,White
774,Conservative,Some college,"Less than 10,000",No religion,Male,47,No,White
775,conservative,Less than high school,"50,000 - 59,999",No religion,Male,38,No,White
776,Liberal,Professional degree,"30,000 - 39,999",Atheist,Male,49,No,White
777,Neutral,Two-year college degree,"70,000 - 79,999",No religion,Male,47,No,White
778,Neutral,Two-year college degree,"60,000 - 69,999",No religion,Male,44,No,Black or African American
779,Neutral,Some college,"100,000 - 149,999",No religion,Male,35,No,White
780,Liberal,Professional degree,"100,000 - 149,999",Agnostic,Female,31,Yes,Hispanic
781,Neutral,Some college,"40,000 - 49,999",Agnostic,Male,43,No,White
782,Neutral,Less than high school,"10,000 - 19,999",No religion,Male,32,No,White
783,Liberal,Some college,"90,000 - 99,999",No religion,Male,31,No,White
784,Neutral,High school graduate,"20,000 - 29,999",Mormon,Male,54,No,Native Hawaiian or Pacific Islander
785,Neutral,High school graduate,"20,000 - 29,999",No religion,Female,42,No,White
786,Neutral,Some college,"Less than 10,000",No religion,Female,41,No,White
787,Neutral,Two-year college degree,"30,000 - 39,999",Protestant,Female,70,No,White
788,Conservative,Two-year college degree,"10,000 - 19,999",Protestant,Female,59,No,White
789,Liberal,High school graduate,"10,000 - 19,999",Agnostic,Male,43,No,White
790,Liberal,Some college,"40,000 - 49,999",Protestant,Female,63,No,White
791,Liberal,Some college,"50,000 - 59,999",Atheist,Male,70,No,White
792,Neutral,High school graduate,"70,000 - 79,999",No religion,Female,31,No,White
793,Liberal,Four-year college degree,"More than 150,000",No religion,Male,35,No,Asian
794,Liberal,Four-year college degree,"100,000 - 149,999",Atheist,Male,38,No,White
795,Conservative,Doctorate,"100,000 - 149,999",Agnostic,Male,31,No,White
796,Conservative,High school graduate,"10,000 - 19,999",No religion,Male,27,No,Black or African American
797,Liberal,High school graduate,"90,000 - 99,999",Protestant,Female,29,Yes,Hispanic
798,Liberal,Professional degree,"70,000 - 79,999",Protestant,Female,28,No,White
799,Neutral,Less than high school,"70,000 - 79,999",No religion,Male,43,No,White
800,Neutral,Four-year college degree,"70,000 - 79,999",No religion,Male,51,No,White
801,Liberal,High school graduate,"100,000 - 149,999",No religion,Male,45,No,Black or African American
802,Neutral,Some college,"80,000 - 89,999",Atheist,Male,30,No,White
803,Neutral,High school graduate,"20,000 - 29,999",Mormon,Female,33,No,White
804,Liberal,Four-year college degree,"100,000 - 149,999",Protestant,Male,44,No,White
805,Neutral,Four-year college degree,"100,000 - 149,999",No religion,Male,40,No,White
806,Liberal,High school graduate,"30,000 - 39,999",Protestant,Male,18,No,White
807,Liberal,Some college,"60,000 - 69,999",Atheist,Male,44,Yes,Hispanic
808,Liberal,Two-year college degree,"100,000 - 149,999",Atheist,Male,49,No,White
809,conservative,High school graduate,"10,000 - 19,999",No religion,Female,67,No,White
810,Conservative,Four-year college degree,"70,000 - 79,999",No religion,Male,60,No,White
811,Liberal,High school graduate,"10,000 - 19,999",No religion,Male,40,No,White
812,Liberal,Four-year college degree,"20,000 - 29,999",Protestant,Male,47,No,White
813,Neutral,Four-year college degree,"90,000 - 99,999",Protestant,Female,46,No,White
814,Liberal,Four-year college degree,"40,000 - 49,999",No religion,Male,27,No,White
815,Liberal,Four-year college degree,"Less than 10,000",Protestant,Female,34,No,Black or African American
816,Neutral,Four-year college degree,"40,000 - 49,999",Protestant,Female,71,No,White
817,Neutral,Doctorate,"Less than 10,000",Atheist,Male,59,No,Other
818,Neutral,Some college,"20,000 - 29,999",Protestant,Female,37,Yes,Hispanic
819,conservative,Four-year college degree,"20,000 - 29,999",Mormon,Male,74,No,White
820,Neutral,Four-year college degree,"60,000 - 69,999",Protestant,Female,67,No,White
821,Liberal,Some college,"100,000 - 149,999",Mormon,Male,31,No,White
822,Neutral,High school graduate,"20,000 - 29,999",No religion,Male,45,No,White
823,Neutral,Four-year college degree,"100,000 - 149,999",Protestant,Female,44,No,White
824,Neutral,Four-year college degree,"70,000 - 79,999",No religion,Male,43,No,Black or African American
825,conservative,Four-year college degree,"100,000 - 149,999",No religion,Female,39,No,White
826,Liberal,Some college,"30,000 - 39,999",Protestant,Female,31,Yes,Hispanic
827,Neutral,High school graduate,"50,000 - 59,999",No religion,Male,34,No,Black or African American
828,Neutral,Professional degree,"80,000 - 89,999",No religion,Male,40,No,White
829,Liberal,Four-year college degree,"100,000 - 149,999",No religion,Male,47,No,Asian
830,Neutral,High school graduate,"60,000 - 69,999",No religion,Male,30,No,White
831,Liberal,Some college,"100,000 - 149,999",No religion,Male,46,No,White
832,Neutral,High school graduate,"30,000 - 39,999",No religion,Male,40,No,White
833,Liberal,Some college,"70,000 - 79,999",Protestant,Male,51,No,White
834,Liberal,Four-year college degree,"60,000 - 69,999",No religion,Male,28,No,Black or African American
835,conservative,Four-year college degree,"40,000 - 49,999",Protestant,Male,34,No,White
836,conservative,High school graduate,"10,000 - 19,999",No religion,Male,53,No,White
837,Liberal,Some college,"40,000 - 49,999",Atheist,Male,29,No,Black or African American
838,Liberal,High school graduate,"40,000 - 49,999",Protestant,Male,30,Yes,Hispanic
839,Conservative,Four-year college degree,"20,000 - 29,999",Protestant,Male,23,No,White
840,Neutral,Some college,"30,000 - 39,999",No religion,Female,33,No,White
841,Liberal,Some college,"30,000 - 39,999",Protestant,Female,20,No,Black or African American
842,Conservative,Some college,"90,000 - 99,999",Protestant,Male,31,No,White
843,Neutral,High school graduate,"Less than 10,000",No religion,Male,24,No,Black or African American
844,Conservative,High school graduate,"10,000 - 19,999",Atheist,Female,37,Yes,Hispanic
845,Neutral,High school graduate,"40,000 - 49,999",No religion,Male,26,No,White
846,Neutral,High school graduate,"20,000 - 29,999",Protestant,Female,39,No,Black or African American
847,Conservative,Two-year college degree,"70,000 - 79,999",Protestant,Female,49,No,White
848,Neutral,High school graduate,"60,000 - 69,999",Catholic,Male,40,No,White
849,Liberal,High school graduate,"40,000 - 49,999",No religion,Female,51,No,White
850,conservative,Professional degree,"More than 150,000",Muslim,Male,38,No,White
851,Liberal,Professional degree,"90,000 - 99,999",Other religion,Male,54,No,Black or African American
852,Conservative,Four-year college degree,"90,000 - 99,999",Protestant,Female,53,No,White
853,conservative,High school graduate,"10,000 - 19,999",No religion,Female,39,No,Black or African American
854,Conservative,Less than high school,"Less than 10,000",Other religion,Female,54,No,White
855,Liberal,Some college,"60,000 - 69,999",Atheist,Male,44,No,White
856,Neutral,Some college,"60,000 - 69,999",No religion,Male,52,No,White
857,Liberal,Some college,"70,000 - 79,999",Other religion,Female,39,No,Black or African American
858,Neutral,Less than high school,"10,000 - 19,999",Catholic,Female,23,Yes,Hispanic
859,Neutral,Some college,"20,000 - 29,999",No religion,Female,53,No,White
860,Liberal,Professional degree,"90,000 - 99,999",Catholic,Male,48,No,White
861,conservative,Professional degree,"80,000 - 89,999",Catholic,Female,40,No,White
862,Liberal,Four-year college degree,"100,000 - 149,999",Agnostic,Female,38,No,White
863,conservative,Professional degree,"More than 150,000",Muslim,Female,41,No,White
864,Neutral,Four-year college degree,"70,000 - 79,999",Protestant,Male,24,No,White
865,Neutral,Two-year college degree,"More than 150,000",Protestant,Female,19,No,White
866,Conservative,Some college,"50,000 - 59,999",Protestant,Male,29,No,Black or African American
867,Neutral,Professional degree,"90,000 - 99,999",Catholic,Female,29,No,White
868,Conservative,Less than high school,"50,000 - 59,999",No religion,Female,44,No,Black or African American
869,Liberal,Professional degree,"80,000 - 89,999",Protestant,Male,46,Yes,Hispanic
870,conservative,Professional degree,"More than 150,000",Muslim,Male,39,No,White
871,conservative,Professional degree,"More than 150,000",Catholic,Male,36,No,White
872,Conservative,Doctorate,"More than 150,000",Atheist,Male,33,No,Native Hawaiian or Pacific Islander
873,Liberal,High school graduate,"10,000 - 19,999",Protestant,Female,28,No,Black or African American
874,Liberal,Four-year college degree,"100,000 - 149,999",Catholic,Male,30,No,White
875,Liberal,Doctorate,"90,000 - 99,999",Catholic,Male,33,No,White
876,Liberal,Professional degree,"100,000 - 149,999",Muslim,Male,39,No,White
877,Liberal,Doctorate,"100,000 - 149,999",Protestant,Male,40,No,White
878,Neutral,High school graduate,"10,000 - 19,999",Catholic,Female,18,No,White
879,Liberal,Professional degree,"70,000 - 79,999",Catholic,Male,25,No,White
880,Neutral,High school graduate,"30,000 - 39,999",No religion,Female,30,No,Black or African American
881,conservative,Professional degree,"More than 150,000",Catholic,Male,45,No,White
882,conservative,Four-year college degree,"90,000 - 99,999",Protestant,Female,49,No,White
883,Liberal,Four-year college degree,"70,000 - 79,999",Catholic,Female,27,No,White
884,Conservative,Four-year college degree,"70,000 - 79,999",No religion,Male,49,No,White
885,Neutral,High school graduate,"20,000 - 29,999",Protestant,Female,50,No,White
886,Liberal,Some college,"50,000 - 59,999",Other religion,Female,26,No,Black or African American
887,Liberal,High school graduate,"40,000 - 49,999",Catholic,Female,18,Yes,Hispanic
888,Neutral,Four-year college degree,"90,000 - 99,999",Other religion,Male,33,No,Black or African American
889,Conservative,Doctorate,"50,000 - 59,999",Atheist,Female,26,No,White
890,Liberal,Some college,"20,000 - 29,999",Other religion,Female,18,No,Asian
891,Liberal,Four-year college degree,"40,000 - 49,999",Atheist,Male,23,No,White
892,Liberal,Four-year college degree,"100,000 - 149,999",Muslim,Male,32,No,White
893,Liberal,Some college,"10,000 - 19,999",No religion,Male,22,No,Black or African American
894,Liberal,Four-year college degree,"90,000 - 99,999",Catholic,Female,46,No,White
895,Conservative,Two-year college degree,"40,000 - 49,999",Catholic,Male,68,No,White
896,Liberal,High school graduate,"50,000 - 59,999",Other religion,Male,31,No,White
897,conservative,High school graduate,"Less than 10,000",Other religion,Male,43,No,White
898,Liberal,Two-year college degree,"90,000 - 99,999",Other religion,Female,47,No,White
899,Neutral,Professional degree,"40,000 - 49,999",Catholic,Male,56,No,White
900,Liberal,Some college,"10,000 - 19,999",Catholic,Male,46,No,White
901,Neutral,Some college,"30,000 - 39,999",No religion,Female,53,No,White
902,Liberal,Professional degree,"100,000 - 149,999",Catholic,Male,48,No,White
903,Neutral,Four-year college degree,"70,000 - 79,999",Agnostic,Male,37,No,White
904,conservative,Some college,"40,000 - 49,999",Protestant,Male,45,No,White
905,Conservative,Some college,"50,000 - 59,999",Protestant,Male,19,No,Black or African American
906,Neutral,High school graduate,"20,000 - 29,999",No religion,Female,43,No,Black or African American
907,Liberal,Four-year college degree,"30,000 - 39,999",Other religion,Male,37,No,Black or African American
908,Liberal,Two-year college degree,"50,000 - 59,999",Agnostic,Female,37055,No,Black or African American
909,Liberal,Four-year college degree,"70,000 - 79,999",Protestant,Female,23,No,Black or African American
910,Conservative,Professional degree,"70,000 - 79,999",Jewish,Male,74,Yes,Hispanic
911,Neutral,High school graduate,"50,000 - 59,999",No religion,Male,25,No,Other
912,Neutral,Some college,"10,000 - 19,999",No religion,Male,44,No,Other
913,Liberal,High school graduate,"Less than 10,000",Other religion,Male,43,No,Black or African American
914,Neutral,High school graduate,"20,000 - 29,999",Atheist,Male,28,No,Black or African American
915,Neutral,Four-year college degree,"80,000 - 89,999",Protestant,Male,52,No,Black or African American
916,Liberal,Four-year college degree,"90,000 - 99,999",Protestant,Female,42,No,Black or African American
917,Liberal,Professional degree,"30,000 - 39,999",Protestant,Female,37,No,Black or African American
918,Liberal,Four-year college degree,"60,000 - 69,999",Agnostic,Male,34,Yes,Hispanic
919,Conservative,Two-year college degree,"50,000 - 59,999",No religion,Male,21,No,Other
920,conservative,High school graduate,"50,000 - 59,999",Agnostic,Male,25,No,Black or African American
921,Liberal,Professional degree,"70,000 - 79,999",Catholic,Female,28,Yes,Hispanic
922,Liberal,Some college,"50,000 - 59,999",Other religion,Male,52,No,Asian
923,Liberal,Some college,"40,000 - 49,999",Catholic,Male,30,Yes,Hispanic
924,conservative,Some college,"40,000 - 49,999",No religion,Male,57,Yes,Hispanic
925,Neutral,Professional degree,"100,000 - 149,999",Catholic,Male,35,Yes,Hispanic
926,conservative,Four-year college degree,"30,000 - 39,999",Protestant,Male,35,No,Asian
927,Conservative,High school graduate,"80,000 - 89,999",Catholic,Male,36,Yes,Hispanic
928,Neutral,Some college,"20,000 - 29,999",Other religion,Female,57,No,Black or African American
929,Liberal,Two-year college degree,"50,000 - 59,999",Other religion,Male,59,Yes,Hispanic
930,Neutral,Doctorate,"10,000 - 19,999",Protestant,Female,72,No,Black or African American
931,Neutral,Four-year college degree,"20,000 - 29,999",Muslim,Female,46,Yes,Hispanic
932,Conservative,Four-year college degree,"90,000 - 99,999",Protestant,Male,34,No,Asian
933,Neutral,Professional degree,"30,000 - 39,999",Protestant,Male,28,No,Asian
934,Liberal,Four-year college degree,"More than 150,000",No religion,Female,30,Yes,Hispanic
935,Liberal,High school graduate,"30,000 - 39,999",No religion,Male,22,Yes,Hispanic
936,Liberal,Some college,"70,000 - 79,999",Other religion,Female,52,No,Black or African American
937,Liberal,Some college,"30,000 - 39,999",Other religion,Female,61,No,Black or African American
938,Liberal,Some college,"50,000 - 59,999",No religion,Female,31,No,Black or African American
939,Liberal,Some college,"60,000 - 69,999",Protestant,Male,69,No,Black or African American
940,Conservative,High school graduate,"Less than 10,000",Other religion,Female,21,No,Black or African American
941,Neutral,High school graduate,"30,000 - 39,999",Catholic,Male,27,No,Black or African American
942,Conservative,High school graduate,"10,000 - 19,999",No religion,Female,57,Yes,Hispanic
943,Liberal,Doctorate,"30,000 - 39,999",No religion,Male,81,Yes,Hispanic
944,Neutral,High school graduate,"50,000 - 59,999",No religion,Female,67,No,Black or African American
945,Liberal,Four-year college degree,"More than 150,000",No religion,Female,33,Yes,Hispanic
946,Liberal,Four-year college degree,"30,000 - 39,999",Protestant,Female,24,No,Asian
947,Liberal,High school graduate,"50,000 - 59,999",No religion,Female,32,No,Black or African American
948,Liberal,High school graduate,"20,000 - 29,999",No religion,Female,71,No,American Indian or Alaska Native
949,Neutral,Professional degree,"50,000 - 59,999",Protestant,Female,80,No,Black or African American
950,Neutral,Four-year college degree,"40,000 - 49,999",Protestant,Female,50,No,Black or African American
951,Conservative,Professional degree,"20,000 - 29,999",Catholic,Female,48,Yes,Hispanic
952,Neutral,Professional degree,"70,000 - 79,999",No religion,Female,25,Yes,Hispanic
953,Liberal,High school graduate,"60,000 - 69,999",Agnostic,Male,30,No,White
954,Liberal,Professional degree,"More than 150,000",Catholic,Male,34,No,White
955,Conservative,Four-year college degree,"20,000 - 29,999",Other religion,Female,61,No,Black or African American
956,Neutral,Professional degree,"More than 150,000",Catholic,Female,35,Yes,Hispanic
957,conservative,Some college,"20,000 - 29,999",Protestant,Female,77,No,White
958,Neutral,High school graduate,"30,000 - 39,999",Agnostic,Female,47,No,White
959,Liberal,Some college,"80,000 - 89,999",Agnostic,Female,21,No,Other
960,Liberal,Two-year college degree,"100,000 - 149,999",Agnostic,Male,58,No,White
961,Conservative,Some college,"20,000 - 29,999",Other religion,Male,29,No,Black or African American
962,Neutral,Some college,"50,000 - 59,999",Other religion,Female,28,No,White
963,Liberal,High school graduate,"10,000 - 19,999",Catholic,Male,58,No,White
964,Conservative,Some college,"50,000 - 59,999",Protestant,Female,55,No,White
965,conservative,Some college,"100,000 - 149,999",Catholic,Female,31,No,White
966,Neutral,High school graduate,"10,000 - 19,999",No religion,Female,18,No,Black or African American
967,Neutral,Some college,"100,000 - 149,999",Catholic,Female,50,No,White
968,Neutral,Four-year college degree,"40,000 - 49,999",Catholic,Female,40,No,White
969,Neutral,High school graduate,"20,000 - 29,999",No religion,Female,28,No,Black or African American
970,Neutral,Professional degree,"More than 150,000",Jewish,Female,72,No,White
971,Conservative,Four-year college degree,"60,000 - 69,999",Catholic,Female,70,No,White
972,Liberal,Professional degree,"20,000 - 29,999",No religion,Female,70,No,Asian
973,Neutral,High school graduate,"10,000 - 19,999",Protestant,Female,87,No,White
974,Neutral,Professional degree,"More than 150,000",Protestant,Female,49,No,White
975,Neutral,High school graduate,"70,000 - 79,999",Catholic,Female,46,No,White
976,Liberal,Some college,"Less than 10,000",No religion,Female,33,No,White
977,Conservative,High school graduate,"30,000 - 39,999",Protestant,Female,76,No,White
978,conservative,Four-year college degree,"10,000 - 19,999",Other religion,Female,44,No,Black or African American
979,Liberal,High school graduate,"40,000 - 49,999",Other religion,Female,66,No,White
980,Liberal,Two-year college degree,"50,000 - 59,999",No religion,Female,67,No,White
981,Liberal,Professional degree,"50,000 - 59,999",Catholic,Female,25,No,White
982,conservative,Some college,"40,000 - 49,999",Catholic,Female,60,No,White
983,Liberal,Professional degree,"30,000 - 39,999",Other religion,Female,70,No,White
984,Neutral,Some college,"30,000 - 39,999",No religion,Female,21,No,Black or African American
985,Neutral,Four-year college degree,"80,000 - 89,999",Protestant,Female,40,No,Black or African American
986,Liberal,Doctorate,"100,000 - 149,999",Atheist,Female,30,No,Asian
987,Liberal,Four-year college degree,"80,000 - 89,999",Protestant,Female,49,No,Black or African American
988,conservative,High school graduate,"10,000 - 19,999",Protestant,Female,51,No,Black or African American
989,Neutral,Four-year college degree,"20,000 - 29,999",Other religion,Female,38,No,Black or African American
990,Liberal,Four-year college degree,"50,000 - 59,999",Other religion,Female,35,No,Black or African American
991,Neutral,Professional degree,"30,000 - 39,999",No religion,Female,43,No,Black or African American
992,Neutral,High school graduate,"30,000 - 39,999",Catholic,Female,75,No,White
993,Liberal,Professional degree,"100,000 - 149,999",Protestant,Female,70,No,White
994,Neutral,Two-year college degree,"40,000 - 49,999",Mormon,Female,78,No,White
995,conservative,Four-year college degree,"30,000 - 39,999",Catholic,Female,57,No,White
996,Conservative,Four-year college degree,"100,000 - 149,999",No religion,Female,39,No,White
997,Neutral,High school graduate,"10,000 - 19,999",Catholic,Female,50,No,White
998,Liberal,Professional degree,"70,000 - 79,999",No religion,Female,39,No,White
999,Liberal,High school graduate,"50,000 - 59,999",Catholic,Female,66,No,White
1000,Neutral,Four-year college degree,"50,000 - 59,999",Agnostic,Female,37,No,Black or African American
1001,Liberal,Two-year college degree,"70,000 - 79,999",Catholic,Female,57,No,White
1002,conservative,Some college,"20,000 - 29,999",Other religion,Female,58,No,White
1003,Conservative,Two-year college degree,"20,000 - 29,999",Protestant,Female,77,No,White
1004,Liberal,Four-year college degree,"40,000 - 49,999",Jewish,Female,53,No,White
1005,Neutral,Two-year college degree,"30,000 - 39,999",Catholic,Female,41,No,White
1006,Neutral,Some college,"30,000 - 39,999",Other religion,Female,35,Yes,Hispanic
1007,Neutral,High school graduate,"40,000 - 49,999",Other religion,Female,19,No,Black or African American
1008,Liberal,Four-year college degree,"70,000 - 79,999",Catholic,Female,33,No,White
1009,Liberal,Less than high school,"10,000 - 19,999",Other religion,Female,54,No,White
